sex,age,month,year,source,monthly_us_population,count_alldrug,count_opioid,count_heroin,count_stimulant
F,0-14,1,2018,ED,14060866,1180,28,0,40
F,0-14,2,2018,ED,14054363,1106,40,0,64
F,0-14,3,2018,ED,14047860,1180,28,0,60
F,0-14,4,2018,ED,14041357,1110,33,0,56
F,0-14,5,2018,ED,14034853,1222,36,0,44
F,0-14,6,2018,ED,14028350,1029,34,0,36
F,0-14,7,2018,ED,14021847,1141,43,0,42
F,0-14,8,2018,ED,14013477,1180,49,0,53
F,0-14,9,2018,ED,14005107,1064,33,0,43
F,0-14,10,2018,ED,13996737,1189,36,0,41
F,0-14,11,2018,ED,13988366,1080,28,0,42
F,0-14,12,2018,ED,13979996,1108,35,0,48
F,0-14,1,2019,ED,13971626,1043,27,0,46
F,0-14,2,2019,ED,13963256,1087,27,0,45
F,0-14,3,2019,ED,13954886,1101,21,0,48
F,0-14,4,2019,ED,13946516,1087,26,0,44
F,0-14,5,2019,ED,13938145,1210,38,0,48
F,0-14,6,2019,ED,13929775,1081,46,0,41
F,0-14,7,2019,ED,13921405,1083,36,0,41
F,0-14,8,2019,ED,13918323,1083,30,0,50
F,0-14,9,2019,ED,13915240,1159,30,0,51
F,0-14,10,2019,ED,13912158,1127,35,0,51
F,0-14,11,2019,ED,13909075,1022,38,0,33
F,0-14,12,2019,ED,13905993,1077,34,0,46
F,0-14,1,2020,ED,14288833,1125,33,0,59
F,0-14,2,2020,ED,14285469,1068,24,0,43
F,0-14,3,2020,ED,14282104,903,32,0,37
F,0-14,4,2020,ED,14278740,697,21,0,57
F,0-14,5,2020,ED,14275375,879,44,0,39
F,0-14,6,2020,ED,14272010,904,31,0,29
F,0-14,7,2020,ED,14268646,991,31,0,36
F,0-14,8,2020,ED,14250292,1018,26,0,32
F,0-14,9,2020,ED,14231938,944,36,0,38
F,0-14,10,2020,ED,14213585,1052,36,0,40
F,0-14,11,2020,ED,14195231,1049,30,0,52
F,0-14,12,2020,ED,14176877,891,26,0,48
F,0-14,1,2021,ED,14158524,941,29,0,36
F,0-14,2,2021,ED,14140170,950,37,0,43
F,0-14,3,2021,ED,14121816,1103,28,0,50
F,0-14,4,2021,ED,14103462,1186,31,0,54
F,0-14,5,2021,ED,14085109,1183,30,0,34
F,0-14,6,2021,ED,14066755,1154,33,0,42
F,0-14,7,2021,ED,14048401,1143,38,0,43
F,0-14,8,2021,ED,14031872,1256,39,0,56
F,0-14,9,2021,ED,14015343,1085,52,0,46
F,0-14,10,2021,ED,13998814,1089,36,0,48
F,0-14,11,2021,ED,13982285,1055,34,0,26
F,0-14,12,2021,ED,13965756,985,34,0,36
F,0-14,1,2022,ED,13565665,978,23,0,47
F,0-14,2,2022,ED,13549144,929,32,0,37
F,0-14,3,2022,ED,13532624,1161,34,0,46
F,0-14,4,2022,ED,13516104,1045,29,0,34
F,0-14,5,2022,ED,13499584,1101,42,0,50
F,0-14,6,2022,ED,13483063,1055,23,0,35
F,0-14,7,2022,ED,13466543,1037,24,0,40
F,0-14,8,2022,ED,13450023,1090,32,0,50
F,0-14,9,2022,ED,13433502,1081,45,0,44
F,0-14,10,2022,ED,13416982,1168,36,0,43
F,0-14,11,2022,ED,13400462,1069,41,0,40
F,0-14,12,2022,ED,13383942,995,31,0,37
F,15-24,1,2018,ED,9948969,1155,277,192,68
F,15-24,2,2018,ED,9942412,1073,272,185,106
F,15-24,3,2018,ED,9935856,1247,330,229,83
F,15-24,4,2018,ED,9929300,1197,282,191,96
F,15-24,5,2018,ED,9922744,1212,316,220,85
F,15-24,6,2018,ED,9916188,1133,319,226,89
F,15-24,7,2018,ED,9909632,1151,304,223,82
F,15-24,8,2018,ED,9904605,1156,280,193,96
F,15-24,9,2018,ED,9899578,1196,276,173,98
F,15-24,10,2018,ED,9894551,1267,309,207,79
F,15-24,11,2018,ED,9889524,1137,242,152,71
F,15-24,12,2018,ED,9884497,1076,281,167,82
F,15-24,1,2019,ED,9879471,1121,218,137,73
F,15-24,2,2019,ED,9874444,1028,227,141,85
F,15-24,3,2019,ED,9869417,1101,252,150,82
F,15-24,4,2019,ED,9864390,1158,243,149,95
F,15-24,5,2019,ED,9859363,1187,262,159,96
F,15-24,6,2019,ED,9854336,1108,288,175,87
F,15-24,7,2019,ED,9849309,1230,331,163,95
F,15-24,8,2019,ED,9871568,1175,317,171,87
F,15-24,9,2019,ED,9893826,1264,307,166,108
F,15-24,10,2019,ED,9916085,1254,302,151,90
F,15-24,11,2019,ED,9938343,1137,286,136,71
F,15-24,12,2019,ED,9960602,1193,318,146,91
F,15-24,1,2020,ED,10246201,1157,264,116,76
F,15-24,2,2020,ED,10269253,1187,300,134,61
F,15-24,3,2020,ED,10292306,1116,313,140,71
F,15-24,4,2020,ED,10315358,1043,362,147,74
F,15-24,5,2020,ED,10338411,1222,427,165,88
F,15-24,6,2020,ED,10361463,1192,393,152,81
F,15-24,7,2020,ED,10384516,1397,471,177,101
F,15-24,8,2020,ED,10377878,1344,374,126,103
F,15-24,9,2020,ED,10371240,1303,409,132,84
F,15-24,10,2020,ED,10364602,1361,372,116,85
F,15-24,11,2020,ED,10357964,1152,302,94,78
F,15-24,12,2020,ED,10351326,1149,347,118,62
F,15-24,1,2021,ED,10344688,1205,364,113,67
F,15-24,2,2021,ED,10338049,1115,293,81,70
F,15-24,3,2021,ED,10331411,1382,390,116,86
F,15-24,4,2021,ED,10324773,1432,400,94,88
F,15-24,5,2021,ED,10318135,1436,404,85,97
F,15-24,6,2021,ED,10311497,1315,449,124,67
F,15-24,7,2021,ED,10304859,1320,412,104,86
F,15-24,8,2021,ED,10309834,1348,429,106,66
F,15-24,9,2021,ED,10314810,1284,360,91,71
F,15-24,10,2021,ED,10319786,1221,350,85,76
F,15-24,11,2021,ED,10324761,1226,323,55,66
F,15-24,12,2021,ED,10329737,1115,360,80,66
F,15-24,1,2022,ED,10060524,1092,339,72,67
F,15-24,2,2022,ED,10065218,1074,292,48,65
F,15-24,3,2022,ED,10069913,1287,411,69,86
F,15-24,4,2022,ED,10074608,1154,348,66,80
F,15-24,5,2022,ED,10079302,1226,339,53,84
F,15-24,6,2022,ED,10083997,1038,344,68,58
F,15-24,7,2022,ED,10088692,1137,393,59,65
F,15-24,8,2022,ED,10093387,1208,373,51,70
F,15-24,9,2022,ED,10098082,1222,361,38,88
F,15-24,10,2022,ED,10102776,1248,364,34,55
F,15-24,11,2022,ED,10107471,1130,282,36,53
F,15-24,12,2022,ED,10112166,1024,292,36,52
F,25-34,1,2018,ED,10625810,1296,610,455,102
F,25-34,2,2018,ED,10629380,1136,571,414,108
F,25-34,3,2018,ED,10632950,1374,726,540,127
F,25-34,4,2018,ED,10636520,1330,659,491,130
F,25-34,5,2018,ED,10640090,1433,735,534,129
F,25-34,6,2018,ED,10643660,1371,707,505,144
F,25-34,7,2018,ED,10647230,1531,746,548,165
F,25-34,8,2018,ED,10650821,1473,739,540,138
F,25-34,9,2018,ED,10654412,1370,686,489,122
F,25-34,10,2018,ED,10658003,1406,691,502,138
F,25-34,11,2018,ED,10661593,1206,616,430,117
F,25-34,12,2018,ED,10665184,1289,620,445,101
F,25-34,1,2019,ED,10668775,1156,570,402,108
F,25-34,2,2019,ED,10672366,1151,537,366,103
F,25-34,3,2019,ED,10675957,1290,605,421,133
F,25-34,4,2019,ED,10679548,1310,621,412,114
F,25-34,5,2019,ED,10683138,1424,674,445,163
F,25-34,6,2019,ED,10686729,1429,715,473,126
F,25-34,7,2019,ED,10690320,1574,795,501,143
F,25-34,8,2019,ED,10679957,1487,738,452,145
F,25-34,9,2019,ED,10669594,1418,668,449,139
F,25-34,10,2019,ED,10659231,1381,677,417,131
F,25-34,11,2019,ED,10648868,1356,694,435,114
F,25-34,12,2019,ED,10638505,1311,663,393,123
F,25-34,1,2020,ED,10890983,1338,643,379,128
F,25-34,2,2020,ED,10880107,1346,684,413,117
F,25-34,3,2020,ED,10869231,1439,807,476,123
F,25-34,4,2020,ED,10858355,1311,752,432,118
F,25-34,5,2020,ED,10847478,1627,876,487,146
F,25-34,6,2020,ED,10836602,1598,896,508,118
F,25-34,7,2020,ED,10825726,1703,920,464,172
F,25-34,8,2020,ED,10817738,1619,851,430,143
F,25-34,9,2020,ED,10809749,1596,816,420,133
F,25-34,10,2020,ED,10801761,1534,789,415,136
F,25-34,11,2020,ED,10793773,1414,762,402,130
F,25-34,12,2020,ED,10785784,1387,757,390,90
F,25-34,1,2021,ED,10777796,1414,743,346,130
F,25-34,2,2021,ED,10769808,1321,663,312,114
F,25-34,3,2021,ED,10761819,1634,867,384,122
F,25-34,4,2021,ED,10753831,1684,923,440,146
F,25-34,5,2021,ED,10745843,1766,919,400,159
F,25-34,6,2021,ED,10737854,1712,906,401,146
F,25-34,7,2021,ED,10729866,1749,959,419,145
F,25-34,8,2021,ED,10726721,1684,911,376,152
F,25-34,9,2021,ED,10723576,1574,880,333,98
F,25-34,10,2021,ED,10720431,1524,836,324,100
F,25-34,11,2021,ED,10717286,1367,748,284,111
F,25-34,12,2021,ED,10714141,1420,825,276,121
F,25-34,1,2022,ED,10448995,1289,706,267,82
F,25-34,2,2022,ED,10445654,1219,681,243,109
F,25-34,3,2022,ED,10442314,1386,740,261,110
F,25-34,4,2022,ED,10438973,1395,749,247,106
F,25-34,5,2022,ED,10435633,1583,813,245,142
F,25-34,6,2022,ED,10432292,1476,830,242,124
F,25-34,7,2022,ED,10428952,1529,811,196,106
F,25-34,8,2022,ED,10425612,1515,833,213,125
F,25-34,9,2022,ED,10422271,1393,761,188,90
F,25-34,10,2022,ED,10418931,1350,731,167,97
F,25-34,11,2022,ED,10415590,1306,693,181,84
F,25-34,12,2022,ED,10412250,1310,711,164,86
F,35-54,1,2018,ED,19591209,1644,595,325,95
F,35-54,2,2018,ED,19583162,1495,596,352,106
F,35-54,3,2018,ED,19575115,1706,691,413,127
F,35-54,4,2018,ED,19567068,1622,624,341,112
F,35-54,5,2018,ED,19559021,1770,710,409,127
F,35-54,6,2018,ED,19550974,1847,750,448,136
F,35-54,7,2018,ED,19542927,1986,718,414,148
F,35-54,8,2018,ED,19533386,1895,752,448,127
F,35-54,9,2018,ED,19523846,1760,694,406,123
F,35-54,10,2018,ED,19514305,1780,687,405,106
F,35-54,11,2018,ED,19504765,1540,570,320,100
F,35-54,12,2018,ED,19495224,1575,633,362,110
F,35-54,1,2019,ED,19485684,1488,551,303,103
F,35-54,2,2019,ED,19476143,1448,556,304,109
F,35-54,3,2019,ED,19466602,1624,624,338,118
F,35-54,4,2019,ED,19457062,1601,625,339,117
F,35-54,5,2019,ED,19447521,1803,725,436,144
F,35-54,6,2019,ED,19437981,1732,667,375,122
F,35-54,7,2019,ED,19428440,1946,804,461,175
F,35-54,8,2019,ED,19426782,1880,780,412,149
F,35-54,9,2019,ED,19425124,1703,704,355,123
F,35-54,10,2019,ED,19423466,1704,669,337,134
F,35-54,11,2019,ED,19421808,1609,658,366,117
F,35-54,12,2019,ED,19420150,1630,657,357,121
F,35-54,1,2020,ED,19891718,1742,706,369,117
F,35-54,2,2020,ED,19889785,1708,723,371,111
F,35-54,3,2020,ED,19887852,1666,758,394,107
F,35-54,4,2020,ED,19885919,1616,849,428,113
F,35-54,5,2020,ED,19883986,2105,1101,545,129
F,35-54,6,2020,ED,19882053,2005,996,470,113
F,35-54,7,2020,ED,19880120,2207,1123,548,146
F,35-54,8,2020,ED,19876051,2162,987,487,150
F,35-54,9,2020,ED,19871981,1925,889,432,159
F,35-54,10,2020,ED,19867912,1902,882,411,140
F,35-54,11,2020,ED,19863843,1738,725,349,135
F,35-54,12,2020,ED,19859773,1685,773,336,117
F,35-54,1,2021,ED,19855704,1777,819,380,126
F,35-54,2,2021,ED,19851635,1684,766,339,132
F,35-54,3,2021,ED,19847565,2122,1025,406,164
F,35-54,4,2021,ED,19843496,2109,1030,429,169
F,35-54,5,2021,ED,19839427,2165,979,408,157
F,35-54,6,2021,ED,19835357,2254,1068,464,156
F,35-54,7,2021,ED,19831288,2425,1190,480,150
F,35-54,8,2021,ED,19829008,2286,1146,439,147
F,35-54,9,2021,ED,19826729,2100,1016,374,145
F,35-54,10,2021,ED,19824449,1982,974,385,143
F,35-54,11,2021,ED,19822169,1814,884,303,117
F,35-54,12,2021,ED,19819890,1934,1028,353,123
F,35-54,1,2022,ED,19337355,1676,840,300,123
F,35-54,2,2022,ED,19334546,1662,767,258,138
F,35-54,3,2022,ED,19331736,1881,948,317,131
F,35-54,4,2022,ED,19328927,1849,884,274,141
F,35-54,5,2022,ED,19326117,1991,995,318,135
F,35-54,6,2022,ED,19323308,2025,1019,309,154
F,35-54,7,2022,ED,19320498,2201,1074,308,154
F,35-54,8,2022,ED,19317689,2159,1040,296,193
F,35-54,9,2022,ED,19314879,1892,970,258,115
F,35-54,10,2022,ED,19312070,1921,947,254,99
F,35-54,11,2022,ED,19309260,1804,874,222,121
F,35-54,12,2022,ED,19306451,1786,885,228,97
F,55+,1,2018,ED,23178697,1547,373,84,21
F,55+,2,2018,ED,23214963,1309,340,77,30
F,55+,3,2018,ED,23251229,1474,366,81,33
F,55+,4,2018,ED,23287496,1516,349,78,24
F,55+,5,2018,ED,23323762,1592,390,105,27
F,55+,6,2018,ED,23360028,1594,386,104,36
F,55+,7,2018,ED,23396294,1589,395,100,38
F,55+,8,2018,ED,23430722,1673,428,123,36
F,55+,9,2018,ED,23465150,1503,401,116,33
F,55+,10,2018,ED,23499578,1506,408,125,29
F,55+,11,2018,ED,23534006,1410,391,107,27
F,55+,12,2018,ED,23568434,1433,341,77,23
F,55+,1,2019,ED,23602862,1414,338,83,28
F,55+,2,2019,ED,23637289,1330,328,89,23
F,55+,3,2019,ED,23671717,1560,385,103,24
F,55+,4,2019,ED,23706145,1483,396,109,46
F,55+,5,2019,ED,23740573,1665,445,122,32
F,55+,6,2019,ED,23775001,1628,460,115,34
F,55+,7,2019,ED,23809429,1705,443,122,41
F,55+,8,2019,ED,23814860,1673,460,130,38
F,55+,9,2019,ED,23820292,1568,426,107,29
F,55+,10,2019,ED,23825723,1474,371,100,37
F,55+,11,2019,ED,23831154,1402,382,122,37
F,55+,12,2019,ED,23836586,1447,394,110,38
F,55+,1,2020,ED,24444340,1520,402,114,40
F,55+,2,2020,ED,24449128,1462,406,130,31
F,55+,3,2020,ED,24453916,1299,398,132,38
F,55+,4,2020,ED,24458704,989,318,95,28
F,55+,5,2020,ED,24463491,1338,451,161,47
F,55+,6,2020,ED,24468279,1395,455,128,23
F,55+,7,2020,ED,24473067,1608,531,178,34
F,55+,8,2020,ED,24492233,1508,477,150,30
F,55+,9,2020,ED,24511399,1494,463,145,31
F,55+,10,2020,ED,24530564,1391,431,128,37
F,55+,11,2020,ED,24549730,1346,410,109,28
F,55+,12,2020,ED,24568896,1331,396,110,36
F,55+,1,2021,ED,24588062,1259,379,99,39
F,55+,2,2021,ED,24607227,1219,365,95,30
F,55+,3,2021,ED,24626393,1411,423,119,46
F,55+,4,2021,ED,24645559,1611,486,122,36
F,55+,5,2021,ED,24664725,1674,499,131,41
F,55+,6,2021,ED,24683890,1632,503,151,39
F,55+,7,2021,ED,24703056,1805,605,187,43
F,55+,8,2021,ED,24720273,1718,564,182,34
F,55+,9,2021,ED,24737491,1586,551,161,45
F,55+,10,2021,ED,24754708,1532,527,157,34
F,55+,11,2021,ED,24771926,1371,455,140,38
F,55+,12,2021,ED,24789143,1491,500,146,36
F,55+,1,2022,ED,24202176,1299,438,111,32
F,55+,2,2022,ED,24219038,1296,401,97,38
F,55+,3,2022,ED,24235900,1547,479,123,36
F,55+,4,2022,ED,24252762,1451,464,118,43
F,55+,5,2022,ED,24269624,1528,487,137,46
F,55+,6,2022,ED,24286486,1537,518,109,47
F,55+,7,2022,ED,24303348,1670,528,160,47
F,55+,8,2022,ED,24320210,1700,572,146,38
F,55+,9,2022,ED,24337072,1548,505,141,31
F,55+,10,2022,ED,24353934,1548,504,112,46
F,55+,11,2022,ED,24370796,1429,464,105,33
F,55+,12,2022,ED,24387658,1464,456,100,33
M,0-14,1,2018,ED,14702404,1220,35,0,59
M,0-14,2,2018,ED,14696016,1079,36,0,50
M,0-14,3,2018,ED,14689629,1189,40,0,61
M,0-14,4,2018,ED,14683241,1212,35,0,60
M,0-14,5,2018,ED,14676853,1194,48,0,62
M,0-14,6,2018,ED,14670466,1142,25,0,49
M,0-14,7,2018,ED,14664078,1245,38,0,76
M,0-14,8,2018,ED,14655553,1197,32,0,59
M,0-14,9,2018,ED,14647028,1239,37,0,77
M,0-14,10,2018,ED,14638502,1248,51,0,74
M,0-14,11,2018,ED,14629977,1211,42,0,54
M,0-14,12,2018,ED,14621452,1165,32,0,61
M,0-14,1,2019,ED,14612927,1127,32,0,65
M,0-14,2,2019,ED,14604401,1041,44,0,70
M,0-14,3,2019,ED,14595876,1277,36,0,70
M,0-14,4,2019,ED,14587351,1125,37,0,52
M,0-14,5,2019,ED,14578826,1232,26,0,60
M,0-14,6,2019,ED,14570300,1170,37,0,52
M,0-14,7,2019,ED,14561775,1096,33,0,47
M,0-14,8,2019,ED,14562638,1258,27,0,87
M,0-14,9,2019,ED,14563502,1138,37,0,61
M,0-14,10,2019,ED,14564365,1215,37,0,75
M,0-14,11,2019,ED,14565228,1161,38,0,54
M,0-14,12,2019,ED,14566092,1105,39,0,59
M,0-14,1,2020,ED,14971630,1202,39,0,44
M,0-14,2,2020,ED,14972278,1137,30,0,51
M,0-14,3,2020,ED,14972926,957,28,0,40
M,0-14,4,2020,ED,14973575,686,26,0,41
M,0-14,5,2020,ED,14974223,924,34,0,54
M,0-14,6,2020,ED,14974871,919,32,0,48
M,0-14,7,2020,ED,14975519,1061,31,0,59
M,0-14,8,2020,ED,14955912,1083,36,0,47
M,0-14,9,2020,ED,14936306,999,44,0,60
M,0-14,10,2020,ED,14916699,1093,36,0,61
M,0-14,11,2020,ED,14897093,1026,42,0,52
M,0-14,12,2020,ED,14877486,945,49,0,46
M,0-14,1,2021,ED,14857880,1011,26,0,51
M,0-14,2,2021,ED,14838273,976,43,0,48
M,0-14,3,2021,ED,14818666,1085,24,0,48
M,0-14,4,2021,ED,14799060,1108,31,0,44
M,0-14,5,2021,ED,14779453,1263,44,0,63
M,0-14,6,2021,ED,14759847,1130,36,0,52
M,0-14,7,2021,ED,14740240,1219,31,0,55
M,0-14,8,2021,ED,14722462,1187,33,0,65
M,0-14,9,2021,ED,14704683,1064,32,0,50
M,0-14,10,2021,ED,14686905,1136,28,0,67
M,0-14,11,2021,ED,14669126,1098,34,0,42
M,0-14,12,2021,ED,14651348,1038,28,0,42
M,0-14,1,2022,ED,14230978,938,28,0,43
M,0-14,2,2022,ED,14213232,901,25,0,42
M,0-14,3,2022,ED,14195486,1095,29,0,47
M,0-14,4,2022,ED,14177741,1047,22,0,56
M,0-14,5,2022,ED,14159995,1143,38,0,47
M,0-14,6,2022,ED,14142250,1050,31,0,52
M,0-14,7,2022,ED,14124504,1131,34,0,58
M,0-14,8,2022,ED,14106758,1080,35,0,52
M,0-14,9,2022,ED,14089013,1102,26,0,65
M,0-14,10,2022,ED,14071267,1117,39,0,58
M,0-14,11,2022,ED,14053522,1037,41,0,36
M,0-14,12,2022,ED,14035776,978,27,0,40
M,15-24,1,2018,ED,10279920,1305,419,303,123
M,15-24,2,2018,ED,10270887,1348,451,298,113
M,15-24,3,2018,ED,10261855,1420,487,346,133
M,15-24,4,2018,ED,10252823,1344,427,310,108
M,15-24,5,2018,ED,10243791,1430,470,322,159
M,15-24,6,2018,ED,10234758,1280,474,331,113
M,15-24,7,2018,ED,10225726,1356,460,286,146
M,15-24,8,2018,ED,10218955,1434,503,331,129
M,15-24,9,2018,ED,10212183,1460,491,304,134
M,15-24,10,2018,ED,10205412,1419,447,267,148
M,15-24,11,2018,ED,10198640,1276,434,238,125
M,15-24,12,2018,ED,10191869,1320,424,233,121
M,15-24,1,2019,ED,10185098,1207,369,200,125
M,15-24,2,2019,ED,10178326,1153,335,188,120
M,15-24,3,2019,ED,10171555,1303,344,170,122
M,15-24,4,2019,ED,10164783,1283,374,203,143
M,15-24,5,2019,ED,10158012,1373,435,212,132
M,15-24,6,2019,ED,10151240,1297,432,219,129
M,15-24,7,2019,ED,10144469,1418,514,249,141
M,15-24,8,2019,ED,10173670,1393,498,231,125
M,15-24,9,2019,ED,10202872,1433,471,193,131
M,15-24,10,2019,ED,10232073,1478,510,244,144
M,15-24,11,2019,ED,10261274,1426,527,219,131
M,15-24,12,2019,ED,10290475,1550,524,203,144
M,15-24,1,2020,ED,10597320,1485,515,186,142
M,15-24,2,2020,ED,10627351,1508,583,204,123
M,15-24,3,2020,ED,10657383,1466,600,194,112
M,15-24,4,2020,ED,10687415,1407,646,211,131
M,15-24,5,2020,ED,10717446,1758,795,283,121
M,15-24,6,2020,ED,10747478,1654,709,224,134
M,15-24,7,2020,ED,10777510,1810,792,231,121
M,15-24,8,2020,ED,10770772,1823,786,214,147
M,15-24,9,2020,ED,10764033,1733,753,199,144
M,15-24,10,2020,ED,10757295,1701,734,183,130
M,15-24,11,2020,ED,10750557,1548,650,170,104
M,15-24,12,2020,ED,10743818,1539,701,186,102
M,15-24,1,2021,ED,10737080,1611,670,182,129
M,15-24,2,2021,ED,10730342,1440,603,133,102
M,15-24,3,2021,ED,10723603,1680,749,191,131
M,15-24,4,2021,ED,10716865,1823,824,155,141
M,15-24,5,2021,ED,10710127,1786,761,157,133
M,15-24,6,2021,ED,10703388,1617,717,161,135
M,15-24,7,2021,ED,10696650,1619,761,160,104
M,15-24,8,2021,ED,10701759,1603,711,146,126
M,15-24,9,2021,ED,10706868,1526,698,128,99
M,15-24,10,2021,ED,10711977,1458,657,128,119
M,15-24,11,2021,ED,10717085,1381,619,101,108
M,15-24,12,2021,ED,10722194,1340,621,132,88
M,15-24,1,2022,ED,10438737,1289,606,79,100
M,15-24,2,2022,ED,10443537,1211,532,87,96
M,15-24,3,2022,ED,10448337,1430,594,76,110
M,15-24,4,2022,ED,10453138,1404,593,96,120
M,15-24,5,2022,ED,10457938,1435,642,100,111
M,15-24,6,2022,ED,10462738,1265,596,91,98
M,15-24,7,2022,ED,10467538,1384,672,97,118
M,15-24,8,2022,ED,10472338,1363,661,94,102
M,15-24,9,2022,ED,10477138,1270,542,67,99
M,15-24,10,2022,ED,10481939,1338,562,47,82
M,15-24,11,2022,ED,10486739,1265,552,62,69
M,15-24,12,2022,ED,10491539,1260,558,66,59
M,25-34,1,2018,ED,10861687,2138,1277,946,209
M,25-34,2,2018,ED,10868793,1941,1172,885,193
M,25-34,3,2018,ED,10875900,2275,1404,1069,267
M,25-34,4,2018,ED,10883007,2169,1288,946,233
M,25-34,5,2018,ED,10890113,2419,1470,1094,220
M,25-34,6,2018,ED,10897220,2350,1435,1041,251
M,25-34,7,2018,ED,10904327,2474,1472,1065,252
M,25-34,8,2018,ED,10910251,2490,1533,1132,267
M,25-34,9,2018,ED,10916176,2258,1423,988,198
M,25-34,10,2018,ED,10922100,2279,1387,983,231
M,25-34,11,2018,ED,10928024,2077,1273,857,203
M,25-34,12,2018,ED,10933948,2123,1264,875,216
M,25-34,1,2019,ED,10939873,2087,1255,854,198
M,25-34,2,2019,ED,10945797,1936,1140,746,214
M,25-34,3,2019,ED,10951721,2223,1331,919,230
M,25-34,4,2019,ED,10957645,2163,1236,814,233
M,25-34,5,2019,ED,10963569,2308,1405,896,229
M,25-34,6,2019,ED,10969494,2478,1565,1015,223
M,25-34,7,2019,ED,10975418,2669,1644,1046,276
M,25-34,8,2019,ED,10969845,2657,1634,1030,271
M,25-34,9,2019,ED,10964273,2457,1541,918,266
M,25-34,10,2019,ED,10958700,2409,1522,923,262
M,25-34,11,2019,ED,10953127,2267,1402,844,241
M,25-34,12,2019,ED,10947554,2508,1517,904,257
M,25-34,1,2020,ED,11210614,2458,1537,856,228
M,25-34,2,2020,ED,11204742,2384,1509,869,242
M,25-34,3,2020,ED,11198869,2613,1713,972,248
M,25-34,4,2020,ED,11192997,2608,1734,958,273
M,25-34,5,2020,ED,11187125,3157,2058,1139,295
M,25-34,6,2020,ED,11181252,3061,1985,1050,275
M,25-34,7,2020,ED,11175380,3275,2093,1109,298
M,25-34,8,2020,ED,11166270,3060,1985,983,265
M,25-34,9,2020,ED,11157159,2933,1849,927,279
M,25-34,10,2020,ED,11148049,2792,1731,890,252
M,25-34,11,2020,ED,11138939,2650,1682,826,252
M,25-34,12,2020,ED,11129829,2683,1676,788,217
M,25-34,1,2021,ED,11120719,2731,1729,773,256
M,25-34,2,2021,ED,11111608,2526,1587,729,233
M,25-34,3,2021,ED,11102498,3176,1958,882,314
M,25-34,4,2021,ED,11093388,3113,1918,813,292
M,25-34,5,2021,ED,11084278,3323,2052,860,329
M,25-34,6,2021,ED,11075167,3196,2030,838,298
M,25-34,7,2021,ED,11066057,3347,2141,875,306
M,25-34,8,2021,ED,11062561,3308,2090,817,314
M,25-34,9,2021,ED,11059066,3004,1931,690,279
M,25-34,10,2021,ED,11055570,3002,1931,718,279
M,25-34,11,2021,ED,11052074,2780,1834,651,236
M,25-34,12,2021,ED,11048578,2797,1859,625,241
M,25-34,1,2022,ED,10775439,2398,1565,506,209
M,25-34,2,2022,ED,10771752,2289,1522,525,182
M,25-34,3,2022,ED,10768065,2724,1742,571,257
M,25-34,4,2022,ED,10764378,2562,1642,479,217
M,25-34,5,2022,ED,10760690,2692,1731,520,278
M,25-34,6,2022,ED,10757003,2574,1646,468,257
M,25-34,7,2022,ED,10753316,2846,1828,479,238
M,25-34,8,2022,ED,10749629,2843,1809,460,261
M,25-34,9,2022,ED,10745942,2612,1659,412,232
M,25-34,10,2022,ED,10742255,2484,1622,359,205
M,25-34,11,2022,ED,10738567,2268,1427,321,168
M,25-34,12,2022,ED,10734880,2299,1518,315,152
M,35-54,1,2018,ED,19301927,2006,1058,744,174
M,35-54,2,2018,ED,19295852,1941,1094,754,191
M,35-54,3,2018,ED,19289777,2175,1195,835,227
M,35-54,4,2018,ED,19283702,2114,1140,765,211
M,35-54,5,2018,ED,19277628,2434,1346,908,250
M,35-54,6,2018,ED,19271553,2396,1362,913,238
M,35-54,7,2018,ED,19265478,2540,1374,913,274
M,35-54,8,2018,ED,19257854,2546,1408,960,276
M,35-54,9,2018,ED,19250229,2414,1317,911,257
M,35-54,10,2018,ED,19242605,2380,1348,878,231
M,35-54,11,2018,ED,19234980,2121,1189,783,193
M,35-54,12,2018,ED,19227355,2139,1189,756,215
M,35-54,1,2019,ED,19219731,2017,1077,676,195
M,35-54,2,2019,ED,19212107,1904,1021,605,211
M,35-54,3,2019,ED,19204482,2330,1247,777,249
M,35-54,4,2019,ED,19196858,2191,1171,702,225
M,35-54,5,2019,ED,19189233,2579,1453,916,271
M,35-54,6,2019,ED,19181608,2550,1438,882,245
M,35-54,7,2019,ED,19173984,2678,1583,966,248
M,35-54,8,2019,ED,19224434,2824,1684,942,291
M,35-54,9,2019,ED,19274884,2726,1605,914,278
M,35-54,10,2019,ED,19325334,2676,1546,872,251
M,35-54,11,2019,ED,19375783,2445,1422,835,247
M,35-54,12,2019,ED,19426233,2632,1523,881,272
M,35-54,1,2020,ED,19955782,2647,1585,892,268
M,35-54,2,2020,ED,20007298,2697,1672,975,242
M,35-54,3,2020,ED,20058814,2834,1771,1011,287
M,35-54,4,2020,ED,20110330,2606,1714,960,214
M,35-54,5,2020,ED,20161847,3430,2314,1269,278
M,35-54,6,2020,ED,20213363,3304,2162,1198,278
M,35-54,7,2020,ED,20264879,3577,2309,1333,318
M,35-54,8,2020,ED,20260516,3493,2198,1208,328
M,35-54,9,2020,ED,20256152,3215,2042,1116,280
M,35-54,10,2020,ED,20251789,2898,1726,917,275
M,35-54,11,2020,ED,20247425,2704,1626,828,259
M,35-54,12,2020,ED,20243061,2840,1739,881,238
M,35-54,1,2021,ED,20238698,2973,1817,883,253
M,35-54,2,2021,ED,20234335,2616,1595,726,233
M,35-54,3,2021,ED,20229971,3415,2150,1050,330
M,35-54,4,2021,ED,20225608,3499,2125,951,337
M,35-54,5,2021,ED,20221244,3578,2205,1006,317
M,35-54,6,2021,ED,20216880,3610,2268,1048,318
M,35-54,7,2021,ED,20212517,3894,2485,1172,339
M,35-54,8,2021,ED,20209642,3838,2432,992,341
M,35-54,9,2021,ED,20206767,3587,2278,934,334
M,35-54,10,2021,ED,20203893,3411,2202,937,331
M,35-54,11,2021,ED,20201018,3231,2040,871,296
M,35-54,12,2021,ED,20198143,3199,2080,815,242
M,35-54,1,2022,ED,19702463,2889,1841,670,235
M,35-54,2,2022,ED,19699153,2863,1884,706,240
M,35-54,3,2022,ED,19695844,3333,2062,778,324
M,35-54,4,2022,ED,19692535,3177,1980,690,317
M,35-54,5,2022,ED,19689226,3473,2211,769,304
M,35-54,6,2022,ED,19685916,3369,2130,742,311
M,35-54,7,2022,ED,19682607,3611,2340,798,319
M,35-54,8,2022,ED,19679298,3562,2293,765,310
M,35-54,9,2022,ED,19675989,3540,2276,703,331
M,35-54,10,2022,ED,19672679,3197,2026,613,241
M,35-54,11,2022,ED,19669370,2999,1904,518,197
M,35-54,12,2022,ED,19666061,2992,1870,549,197
M,55+,1,2018,ED,19895113,1427,501,241,63
M,55+,2,2018,ED,19928899,1353,528,267,51
M,55+,3,2018,ED,19962686,1538,641,324,64
M,55+,4,2018,ED,19996473,1479,546,253,73
M,55+,5,2018,ED,20030260,1641,669,358,80
M,55+,6,2018,ED,20064046,1550,653,356,66
M,55+,7,2018,ED,20097833,1663,673,360,69
M,55+,8,2018,ED,20130123,1761,765,464,73
M,55+,9,2018,ED,20162414,1606,714,421,73
M,55+,10,2018,ED,20194704,1625,701,360,76
M,55+,11,2018,ED,20226994,1377,562,297,40
M,55+,12,2018,ED,20259285,1501,590,299,58
M,55+,1,2019,ED,20291575,1416,513,255,53
M,55+,2,2019,ED,20323865,1314,503,274,50
M,55+,3,2019,ED,20356156,1469,602,286,57
M,55+,4,2019,ED,20388446,1548,670,321,63
M,55+,5,2019,ED,20420736,1679,727,364,69
M,55+,6,2019,ED,20453027,1689,744,376,84
M,55+,7,2019,ED,20485317,1831,807,409,83
M,55+,8,2019,ED,20523751,1914,904,457,74
M,55+,9,2019,ED,20562185,1778,841,441,65
M,55+,10,2019,ED,20600619,1635,717,385,65
M,55+,11,2019,ED,20639052,1557,696,352,70
M,55+,12,2019,ED,20677486,1635,746,386,81
M,55+,1,2020,ED,21239632,1769,881,469,69
M,55+,2,2020,ED,21278250,1771,865,497,83
M,55+,3,2020,ED,21316869,1633,858,477,71
M,55+,4,2020,ED,21355488,1430,826,456,71
M,55+,5,2020,ED,21394106,1862,1086,612,87
M,55+,6,2020,ED,21432725,1923,1068,592,85
M,55+,7,2020,ED,21471344,2044,1144,653,67
M,55+,8,2020,ED,21488331,1973,1061,612,95
M,55+,9,2020,ED,21505319,1962,1085,630,64
M,55+,10,2020,ED,21522306,1767,925,500,75
M,55+,11,2020,ED,21539293,1670,850,431,81
M,55+,12,2020,ED,21556280,1642,850,448,86
M,55+,1,2021,ED,21573268,1616,793,381,76
M,55+,2,2021,ED,21590255,1528,781,376,68
M,55+,3,2021,ED,21607242,1913,1003,523,106
M,55+,4,2021,ED,21624229,2066,1103,558,102
M,55+,5,2021,ED,21641217,2073,1134,591,98
M,55+,6,2021,ED,21658204,2179,1205,635,112
M,55+,7,2021,ED,21675191,2459,1388,747,93
M,55+,8,2021,ED,21690401,2318,1289,612,84
M,55+,9,2021,ED,21705610,2108,1178,592,90
M,55+,10,2021,ED,21720820,2137,1194,561,100
M,55+,11,2021,ED,21736029,1989,1145,555,83
M,55+,12,2021,ED,21751239,1927,1067,487,60
M,55+,1,2022,ED,21237920,1774,990,439,89
M,55+,2,2022,ED,21252894,1723,994,438,84
M,55+,3,2022,ED,21267868,1988,1079,498,99
M,55+,4,2022,ED,21282842,2086,1206,557,95
M,55+,5,2022,ED,21297815,2087,1133,503,92
M,55+,6,2022,ED,21312789,2038,1122,479,76
M,55+,7,2022,ED,21327763,2292,1279,566,97
M,55+,8,2022,ED,21342737,2306,1321,566,101
M,55+,9,2022,ED,21357711,2097,1197,544,114
M,55+,10,2022,ED,21372685,2061,1143,452,74
M,55+,11,2022,ED,21387658,1976,1058,415,91
M,55+,12,2022,ED,21402632,1860,1018,406,77
F,0-14,1,2018,HOSP,10408003,79,0,0,0
F,0-14,2,2018,HOSP,10405144,60,0,0,0
F,0-14,3,2018,HOSP,10402286,86,0,0,0
F,0-14,4,2018,HOSP,10399427,75,11,0,0
F,0-14,5,2018,HOSP,10396568,84,0,0,0
F,0-14,6,2018,HOSP,10393710,90,0,0,0
F,0-14,7,2018,HOSP,10390851,95,10,0,0
F,0-14,8,2018,HOSP,10386462,82,11,0,0
F,0-14,9,2018,HOSP,10382073,78,0,0,0
F,0-14,10,2018,HOSP,10377684,88,0,0,0
F,0-14,11,2018,HOSP,10373295,67,0,0,0
F,0-14,12,2018,HOSP,10368906,81,0,0,0
F,0-14,1,2019,HOSP,10364518,81,0,0,14
F,0-14,2,2019,HOSP,10360129,76,0,0,0
F,0-14,3,2019,HOSP,10355740,89,0,0,14
F,0-14,4,2019,HOSP,10351351,88,10,0,0
F,0-14,5,2019,HOSP,10346962,85,0,0,14
F,0-14,6,2019,HOSP,10342573,80,0,0,0
F,0-14,7,2019,HOSP,10338184,85,10,0,10
F,0-14,8,2019,HOSP,10339175,71,0,0,12
F,0-14,9,2019,HOSP,10340165,63,11,0,0
F,0-14,10,2019,HOSP,10341156,82,0,0,10
F,0-14,11,2019,HOSP,10342147,108,14,0,13
F,0-14,12,2019,HOSP,10343138,54,0,0,0
F,0-14,1,2020,HOSP,10730051,96,10,0,0
F,0-14,2,2020,HOSP,10730760,97,0,0,10
F,0-14,3,2020,HOSP,10731468,91,0,0,0
F,0-14,4,2020,HOSP,10732177,60,0,0,10
F,0-14,5,2020,HOSP,10732886,83,11,0,0
F,0-14,6,2020,HOSP,10733594,116,17,0,11
F,0-14,7,2020,HOSP,10734303,95,0,0,10
F,0-14,8,2020,HOSP,10723517,110,0,0,0
F,0-14,9,2020,HOSP,10712730,108,17,0,0
F,0-14,10,2020,HOSP,10701944,116,11,0,0
F,0-14,11,2020,HOSP,10691158,118,12,0,0
F,0-14,12,2020,HOSP,10680372,93,10,0,13
F,0-14,1,2021,HOSP,10669586,99,10,0,0
F,0-14,2,2021,HOSP,10658799,94,13,0,13
F,0-14,3,2021,HOSP,10648013,94,0,0,0
F,0-14,4,2021,HOSP,10637227,113,10,0,11
F,0-14,5,2021,HOSP,10626441,122,14,0,13
F,0-14,6,2021,HOSP,10615654,119,12,0,18
F,0-14,7,2021,HOSP,10604868,101,16,0,11
F,0-14,8,2021,HOSP,10595690,102,20,0,10
F,0-14,9,2021,HOSP,10586512,107,11,0,0
F,0-14,10,2021,HOSP,10577335,100,19,0,14
F,0-14,11,2021,HOSP,10568157,92,11,0,12
F,0-14,12,2021,HOSP,10558979,84,11,0,0
F,0-14,1,2022,HOSP,10166240,93,12,0,0
F,0-14,2,2022,HOSP,10157071,96,12,0,13
F,0-14,3,2022,HOSP,10147902,92,12,0,0
F,0-14,4,2022,HOSP,10138733,88,20,0,16
F,0-14,5,2022,HOSP,10129564,90,17,0,0
F,0-14,6,2022,HOSP,10120395,87,14,0,0
F,0-14,7,2022,HOSP,10111226,95,0,0,17
F,0-14,8,2022,HOSP,10102057,98,15,0,14
F,0-14,9,2022,HOSP,10092888,103,26,0,15
F,0-14,10,2022,HOSP,10083719,103,18,0,0
F,0-14,11,2022,HOSP,10074550,87,0,0,0
F,0-14,12,2022,HOSP,10065381,86,15,0,0
F,15-24,1,2018,HOSP,7302406,193,41,28,27
F,15-24,2,2018,HOSP,7299640,197,42,21,26
F,15-24,3,2018,HOSP,7296875,167,42,23,31
F,15-24,4,2018,HOSP,7294110,188,36,21,26
F,15-24,5,2018,HOSP,7291344,210,46,27,34
F,15-24,6,2018,HOSP,7288579,205,42,23,26
F,15-24,7,2018,HOSP,7285814,199,47,26,41
F,15-24,8,2018,HOSP,7284163,205,39,22,24
F,15-24,9,2018,HOSP,7282513,199,44,30,36
F,15-24,10,2018,HOSP,7280863,196,42,23,27
F,15-24,11,2018,HOSP,7279212,167,26,15,22
F,15-24,12,2018,HOSP,7277562,177,32,19,31
F,15-24,1,2019,HOSP,7275911,184,28,16,29
F,15-24,2,2019,HOSP,7274260,166,32,15,25
F,15-24,3,2019,HOSP,7272610,186,31,20,27
F,15-24,4,2019,HOSP,7270960,211,44,24,26
F,15-24,5,2019,HOSP,7269309,191,33,15,29
F,15-24,6,2019,HOSP,7267659,192,43,23,19
F,15-24,7,2019,HOSP,7266008,221,42,16,28
F,15-24,8,2019,HOSP,7283270,198,38,21,33
F,15-24,9,2019,HOSP,7300533,214,40,20,46
F,15-24,10,2019,HOSP,7317795,205,38,16,28
F,15-24,11,2019,HOSP,7335058,197,28,15,25
F,15-24,12,2019,HOSP,7352320,199,35,17,21
F,15-24,1,2020,HOSP,7632923,197,33,10,26
F,15-24,2,2020,HOSP,7650980,204,45,20,25
F,15-24,3,2020,HOSP,7669036,223,53,21,30
F,15-24,4,2020,HOSP,7687093,135,39,16,29
F,15-24,5,2020,HOSP,7705149,219,63,24,34
F,15-24,6,2020,HOSP,7723206,229,59,16,34
F,15-24,7,2020,HOSP,7741262,212,64,22,31
F,15-24,8,2020,HOSP,7743090,206,47,12,37
F,15-24,9,2020,HOSP,7744918,191,39,0,26
F,15-24,10,2020,HOSP,7746746,227,58,26,30
F,15-24,11,2020,HOSP,7748574,182,47,13,23
F,15-24,12,2020,HOSP,7750402,171,42,11,22
F,15-24,1,2021,HOSP,7752230,141,29,10,21
F,15-24,2,2021,HOSP,7754058,160,40,0,14
F,15-24,3,2021,HOSP,7755886,181,44,14,24
F,15-24,4,2021,HOSP,7757714,210,65,15,31
F,15-24,5,2021,HOSP,7759542,211,54,15,39
F,15-24,6,2021,HOSP,7761370,190,52,13,31
F,15-24,7,2021,HOSP,7763198,181,48,10,27
F,15-24,8,2021,HOSP,7765861,163,47,0,18
F,15-24,9,2021,HOSP,7768524,169,45,10,28
F,15-24,10,2021,HOSP,7771187,150,31,0,19
F,15-24,11,2021,HOSP,7773850,155,44,15,24
F,15-24,12,2021,HOSP,7776513,157,38,10,18
F,15-24,1,2022,HOSP,7504988,164,40,0,16
F,15-24,2,2022,HOSP,7507370,164,47,0,28
F,15-24,3,2022,HOSP,7509753,169,47,0,13
F,15-24,4,2022,HOSP,7512135,164,42,0,22
F,15-24,5,2022,HOSP,7514517,168,44,0,24
F,15-24,6,2022,HOSP,7516900,154,45,10,24
F,15-24,7,2022,HOSP,7519282,152,45,11,30
F,15-24,8,2022,HOSP,7521664,162,47,0,27
F,15-24,9,2022,HOSP,7524047,152,38,0,17
F,15-24,10,2022,HOSP,7526429,168,44,0,16
F,15-24,11,2022,HOSP,7528811,135,34,0,0
F,15-24,12,2022,HOSP,7531194,143,48,0,13
F,25-34,1,2018,HOSP,7839904,271,87,42,49
F,25-34,2,2018,HOSP,7843559,274,99,60,67
F,25-34,3,2018,HOSP,7847213,315,104,67,81
F,25-34,4,2018,HOSP,7850868,316,104,62,60
F,25-34,5,2018,HOSP,7854523,350,118,70,100
F,25-34,6,2018,HOSP,7858177,349,114,69,82
F,25-34,7,2018,HOSP,7861832,370,127,63,90
F,25-34,8,2018,HOSP,7865669,334,125,66,94
F,25-34,9,2018,HOSP,7869506,287,102,59,85
F,25-34,10,2018,HOSP,7873342,323,104,53,75
F,25-34,11,2018,HOSP,7877179,315,113,54,71
F,25-34,12,2018,HOSP,7881016,289,90,50,68
F,25-34,1,2019,HOSP,7884853,278,90,50,67
F,25-34,2,2019,HOSP,7888689,275,82,47,75
F,25-34,3,2019,HOSP,7892526,309,99,54,85
F,25-34,4,2019,HOSP,7896363,330,106,54,80
F,25-34,5,2019,HOSP,7900200,329,106,53,77
F,25-34,6,2019,HOSP,7904036,343,111,59,81
F,25-34,7,2019,HOSP,7907873,350,108,55,92
F,25-34,8,2019,HOSP,7902686,330,104,61,75
F,25-34,9,2019,HOSP,7897499,339,128,74,86
F,25-34,10,2019,HOSP,7892313,316,103,55,74
F,25-34,11,2019,HOSP,7887126,311,101,60,65
F,25-34,12,2019,HOSP,7881939,301,100,54,84
F,25-34,1,2020,HOSP,8139594,338,118,65,84
F,25-34,2,2020,HOSP,8133894,308,102,53,70
F,25-34,3,2020,HOSP,8128194,325,123,70,74
F,25-34,4,2020,HOSP,8122494,275,106,47,83
F,25-34,5,2020,HOSP,8116794,342,149,76,89
F,25-34,6,2020,HOSP,8111094,345,129,66,80
F,25-34,7,2020,HOSP,8105394,331,137,67,83
F,25-34,8,2020,HOSP,8101554,337,141,58,77
F,25-34,9,2020,HOSP,8097713,309,122,49,80
F,25-34,10,2020,HOSP,8093873,304,106,50,74
F,25-34,11,2020,HOSP,8090033,256,99,46,69
F,25-34,12,2020,HOSP,8086192,263,90,45,61
F,25-34,1,2021,HOSP,8082352,270,116,52,62
F,25-34,2,2021,HOSP,8078512,282,117,52,65
F,25-34,3,2021,HOSP,8074671,326,141,61,98
F,25-34,4,2021,HOSP,8070831,335,131,56,94
F,25-34,5,2021,HOSP,8066991,365,146,66,99
F,25-34,6,2021,HOSP,8063150,324,137,60,93
F,25-34,7,2021,HOSP,8059310,332,123,61,88
F,25-34,8,2021,HOSP,8059794,281,115,42,72
F,25-34,9,2021,HOSP,8060278,272,110,35,58
F,25-34,10,2021,HOSP,8060762,249,95,32,75
F,25-34,11,2021,HOSP,8061246,241,92,38,71
F,25-34,12,2021,HOSP,8061730,250,100,37,64
F,25-34,1,2022,HOSP,7800213,212,86,28,54
F,25-34,2,2022,HOSP,7800502,226,81,32,64
F,25-34,3,2022,HOSP,7800790,245,93,25,64
F,25-34,4,2022,HOSP,7801079,249,103,29,65
F,25-34,5,2022,HOSP,7801368,258,95,29,74
F,25-34,6,2022,HOSP,7801656,263,114,35,69
F,25-34,7,2022,HOSP,7801945,248,103,23,64
F,25-34,8,2022,HOSP,7802234,255,116,26,66
F,25-34,9,2022,HOSP,7802522,259,113,29,64
F,25-34,10,2022,HOSP,7802811,228,101,16,28
F,25-34,11,2022,HOSP,7803100,228,97,25,50
F,25-34,12,2022,HOSP,7803388,250,104,22,62
F,35-54,1,2018,HOSP,14557762,721,253,67,124
F,35-54,2,2018,HOSP,14553558,677,240,62,131
F,35-54,3,2018,HOSP,14549354,750,237,48,139
F,35-54,4,2018,HOSP,14545150,824,281,61,157
F,35-54,5,2018,HOSP,14540946,830,260,52,168
F,35-54,6,2018,HOSP,14536742,804,245,67,184
F,35-54,7,2018,HOSP,14532538,836,275,71,209
F,35-54,8,2018,HOSP,14527601,859,293,76,190
F,35-54,9,2018,HOSP,14522663,723,248,63,152
F,35-54,10,2018,HOSP,14517726,796,283,94,181
F,35-54,11,2018,HOSP,14512789,710,231,55,157
F,35-54,12,2018,HOSP,14507851,648,221,61,116
F,35-54,1,2019,HOSP,14502914,736,225,46,134
F,35-54,2,2019,HOSP,14497977,701,213,64,186
F,35-54,3,2019,HOSP,14493039,763,265,64,173
F,35-54,4,2019,HOSP,14488102,752,250,60,156
F,35-54,5,2019,HOSP,14483165,822,259,81,198
F,35-54,6,2019,HOSP,14478227,778,227,61,186
F,35-54,7,2019,HOSP,14473290,817,258,84,220
F,35-54,8,2019,HOSP,14475405,746,221,60,176
F,35-54,9,2019,HOSP,14477520,743,209,61,174
F,35-54,10,2019,HOSP,14479635,727,218,60,162
F,35-54,11,2019,HOSP,14481750,677,213,63,156
F,35-54,12,2019,HOSP,14483865,739,217,59,190
F,35-54,1,2020,HOSP,14959207,719,239,63,137
F,35-54,2,2020,HOSP,14961047,662,207,57,156
F,35-54,3,2020,HOSP,14962887,698,202,59,164
F,35-54,4,2020,HOSP,14964727,589,190,55,138
F,35-54,5,2020,HOSP,14966567,772,246,72,170
F,35-54,6,2020,HOSP,14968407,772,269,59,178
F,35-54,7,2020,HOSP,14970247,804,265,78,201
F,35-54,8,2020,HOSP,14970140,746,274,76,192
F,35-54,9,2020,HOSP,14970033,713,241,63,156
F,35-54,10,2020,HOSP,14969926,655,243,55,141
F,35-54,11,2020,HOSP,14969818,642,207,49,149
F,35-54,12,2020,HOSP,14969711,593,192,46,146
F,35-54,1,2021,HOSP,14969604,583,196,50,139
F,35-54,2,2021,HOSP,14969497,624,209,53,156
F,35-54,3,2021,HOSP,14969390,759,269,68,196
F,35-54,4,2021,HOSP,14969283,761,294,75,202
F,35-54,5,2021,HOSP,14969175,789,270,63,202
F,35-54,6,2021,HOSP,14969068,789,266,64,207
F,35-54,7,2021,HOSP,14968961,746,265,78,193
F,35-54,8,2021,HOSP,14971008,715,247,65,169
F,35-54,9,2021,HOSP,14973054,663,242,54,150
F,35-54,10,2021,HOSP,14975101,680,205,55,176
F,35-54,11,2021,HOSP,14977147,647,210,47,172
F,35-54,12,2021,HOSP,14979194,618,212,56,170
F,35-54,1,2022,HOSP,14500986,522,155,37,124
F,35-54,2,2022,HOSP,14502502,577,201,43,168
F,35-54,3,2022,HOSP,14504019,719,250,57,177
F,35-54,4,2022,HOSP,14505536,660,235,50,175
F,35-54,5,2022,HOSP,14507052,657,252,55,185
F,35-54,6,2022,HOSP,14508569,613,199,39,195
F,35-54,7,2022,HOSP,14510086,672,222,36,190
F,35-54,8,2022,HOSP,14511603,620,213,32,170
F,35-54,9,2022,HOSP,14513120,599,216,36,150
F,35-54,10,2022,HOSP,14514636,600,205,43,156
F,35-54,11,2022,HOSP,14516153,572,202,37,146
F,35-54,12,2022,HOSP,14517670,584,221,34,138
F,55+,1,2018,HOSP,17454957,1232,480,27,55
F,55+,2,2018,HOSP,17484027,1087,425,25,77
F,55+,3,2018,HOSP,17513097,1347,506,31,98
F,55+,4,2018,HOSP,17542167,1233,460,21,103
F,55+,5,2018,HOSP,17571237,1286,481,33,90
F,55+,6,2018,HOSP,17600307,1248,432,28,82
F,55+,7,2018,HOSP,17629377,1279,461,25,109
F,55+,8,2018,HOSP,17657495,1288,468,30,106
F,55+,9,2018,HOSP,17685613,1135,426,26,97
F,55+,10,2018,HOSP,17713732,1239,435,44,93
F,55+,11,2018,HOSP,17741850,1153,403,25,86
F,55+,12,2018,HOSP,17769968,1243,448,21,92
F,55+,1,2019,HOSP,17798086,1243,442,33,102
F,55+,2,2019,HOSP,17826204,1131,399,25,103
F,55+,3,2019,HOSP,17854322,1215,437,29,99
F,55+,4,2019,HOSP,17882441,1245,435,35,113
F,55+,5,2019,HOSP,17910559,1267,449,28,103
F,55+,6,2019,HOSP,17938677,1169,395,38,107
F,55+,7,2019,HOSP,17966795,1278,432,42,109
F,55+,8,2019,HOSP,17973293,1194,392,36,112
F,55+,9,2019,HOSP,17979791,1098,375,29,108
F,55+,10,2019,HOSP,17986289,1261,446,34,125
F,55+,11,2019,HOSP,17992787,1136,406,36,117
F,55+,12,2019,HOSP,17999285,1227,426,37,97
F,55+,1,2020,HOSP,18608106,1207,446,53,110
F,55+,2,2020,HOSP,18613960,1056,392,30,96
F,55+,3,2020,HOSP,18619815,1114,390,45,122
F,55+,4,2020,HOSP,18625670,822,290,24,64
F,55+,5,2020,HOSP,18631524,1063,379,34,112
F,55+,6,2020,HOSP,18637379,1180,436,27,123
F,55+,7,2020,HOSP,18643233,1246,463,44,130
F,55+,8,2020,HOSP,18660373,1196,418,41,99
F,55+,9,2020,HOSP,18677514,1147,404,37,103
F,55+,10,2020,HOSP,18694654,1175,414,32,96
F,55+,11,2020,HOSP,18711795,1026,380,24,96
F,55+,12,2020,HOSP,18728935,1028,364,28,89
F,55+,1,2021,HOSP,18746076,1073,375,29,136
F,55+,2,2021,HOSP,18763216,953,332,30,109
F,55+,3,2021,HOSP,18780356,1174,440,32,141
F,55+,4,2021,HOSP,18797497,1154,422,43,142
F,55+,5,2021,HOSP,18814637,1142,416,46,132
F,55+,6,2021,HOSP,18831778,1122,405,32,136
F,55+,7,2021,HOSP,18848918,1173,383,45,153
F,55+,8,2021,HOSP,18864688,1091,363,44,146
F,55+,9,2021,HOSP,18880458,963,343,31,109
F,55+,10,2021,HOSP,18896229,1061,363,35,142
F,55+,11,2021,HOSP,18911999,1085,377,29,116
F,55+,12,2021,HOSP,18927769,1073,382,32,115
F,55+,1,2022,HOSP,18339355,942,318,24,125
F,55+,2,2022,HOSP,18354769,943,322,29,119
F,55+,3,2022,HOSP,18370184,1108,387,28,164
F,55+,4,2022,HOSP,18385599,1055,378,34,146
F,55+,5,2022,HOSP,18401014,1095,399,46,138
F,55+,6,2022,HOSP,18416428,1081,381,30,144
F,55+,7,2022,HOSP,18431843,1011,352,36,137
F,55+,8,2022,HOSP,18447258,1058,383,42,134
F,55+,9,2022,HOSP,18462673,1024,354,32,141
F,55+,10,2022,HOSP,18478087,945,313,28,123
F,55+,11,2022,HOSP,18493502,960,347,35,140
F,55+,12,2022,HOSP,18508917,882,276,18,96
M,0-14,1,2018,HOSP,10876108,74,0,0,0
M,0-14,2,2018,HOSP,10873290,79,0,0,12
M,0-14,3,2018,HOSP,10870473,90,0,0,0
M,0-14,4,2018,HOSP,10867656,92,13,0,0
M,0-14,5,2018,HOSP,10864839,84,0,0,10
M,0-14,6,2018,HOSP,10862021,85,14,0,11
M,0-14,7,2018,HOSP,10859204,91,11,0,13
M,0-14,8,2018,HOSP,10854828,82,0,0,10
M,0-14,9,2018,HOSP,10850451,80,0,0,13
M,0-14,10,2018,HOSP,10846075,82,17,0,13
M,0-14,11,2018,HOSP,10841698,82,0,0,0
M,0-14,12,2018,HOSP,10837322,89,0,0,0
M,0-14,1,2019,HOSP,10832946,71,0,0,12
M,0-14,2,2019,HOSP,10828569,69,10,0,0
M,0-14,3,2019,HOSP,10824193,61,0,0,0
M,0-14,4,2019,HOSP,10819816,81,0,0,10
M,0-14,5,2019,HOSP,10815440,80,12,0,0
M,0-14,6,2019,HOSP,10811063,74,0,0,0
M,0-14,7,2019,HOSP,10806687,67,0,0,10
M,0-14,8,2019,HOSP,10810482,86,11,0,11
M,0-14,9,2019,HOSP,10814277,86,0,0,13
M,0-14,10,2019,HOSP,10818072,96,0,0,11
M,0-14,11,2019,HOSP,10821866,81,0,0,11
M,0-14,12,2019,HOSP,10825661,68,10,0,0
M,0-14,1,2020,HOSP,11234131,93,17,0,0
M,0-14,2,2020,HOSP,11237711,86,13,0,0
M,0-14,3,2020,HOSP,11241290,73,19,0,0
M,0-14,4,2020,HOSP,11244870,70,12,0,0
M,0-14,5,2020,HOSP,11248450,83,10,0,10
M,0-14,6,2020,HOSP,11252029,78,0,0,0
M,0-14,7,2020,HOSP,11255609,119,13,0,0
M,0-14,8,2020,HOSP,11244033,95,11,0,10
M,0-14,9,2020,HOSP,11232458,109,24,0,16
M,0-14,10,2020,HOSP,11220882,101,10,0,14
M,0-14,11,2020,HOSP,11209307,92,0,0,10
M,0-14,12,2020,HOSP,11197731,92,12,0,12
M,0-14,1,2021,HOSP,11186156,80,14,0,10
M,0-14,2,2021,HOSP,11174580,83,10,0,10
M,0-14,3,2021,HOSP,11163004,104,16,0,12
M,0-14,4,2021,HOSP,11151429,98,16,0,10
M,0-14,5,2021,HOSP,11139853,113,12,0,14
M,0-14,6,2021,HOSP,11128278,82,10,0,11
M,0-14,7,2021,HOSP,11116702,103,13,0,11
M,0-14,8,2021,HOSP,11106827,106,19,0,19
M,0-14,9,2021,HOSP,11096952,108,22,0,14
M,0-14,10,2021,HOSP,11087077,79,17,0,12
M,0-14,11,2021,HOSP,11077202,81,12,0,0
M,0-14,12,2021,HOSP,11067327,83,14,0,0
M,0-14,1,2022,HOSP,10654860,55,0,0,0
M,0-14,2,2022,HOSP,10645017,93,0,0,0
M,0-14,3,2022,HOSP,10635175,84,12,0,0
M,0-14,4,2022,HOSP,10625333,84,25,0,11
M,0-14,5,2022,HOSP,10615491,112,13,0,20
M,0-14,6,2022,HOSP,10605648,108,14,0,10
M,0-14,7,2022,HOSP,10595806,96,22,0,14
M,0-14,8,2022,HOSP,10585964,106,21,0,13
M,0-14,9,2022,HOSP,10576122,81,14,0,10
M,0-14,10,2022,HOSP,10566279,87,13,0,0
M,0-14,11,2022,HOSP,10556437,85,13,0,0
M,0-14,12,2022,HOSP,10546595,76,18,0,0
M,15-24,1,2018,HOSP,7513033,195,71,34,25
M,15-24,2,2018,HOSP,7508540,217,66,34,44
M,15-24,3,2018,HOSP,7504048,269,90,48,59
M,15-24,4,2018,HOSP,7499556,266,75,40,46
M,15-24,5,2018,HOSP,7495064,241,63,33,50
M,15-24,6,2018,HOSP,7490572,271,76,38,62
M,15-24,7,2018,HOSP,7486080,247,74,39,55
M,15-24,8,2018,HOSP,7483485,275,86,45,58
M,15-24,9,2018,HOSP,7480891,261,63,27,54
M,15-24,10,2018,HOSP,7478296,240,68,38,56
M,15-24,11,2018,HOSP,7475701,207,58,31,43
M,15-24,12,2018,HOSP,7473107,240,67,32,32
M,15-24,1,2019,HOSP,7470512,251,66,24,69
M,15-24,2,2019,HOSP,7467917,199,41,20,37
M,15-24,3,2019,HOSP,7465323,238,66,34,46
M,15-24,4,2019,HOSP,7462728,212,52,23,36
M,15-24,5,2019,HOSP,7460133,269,85,35,63
M,15-24,6,2019,HOSP,7457539,246,69,35,56
M,15-24,7,2019,HOSP,7454944,240,70,35,56
M,15-24,8,2019,HOSP,7477224,284,81,39,65
M,15-24,9,2019,HOSP,7499505,277,62,23,58
M,15-24,10,2019,HOSP,7521785,296,79,44,47
M,15-24,11,2019,HOSP,7544066,262,76,29,43
M,15-24,12,2019,HOSP,7566346,298,78,31,62
M,15-24,1,2020,HOSP,7866270,272,83,36,45
M,15-24,2,2020,HOSP,7889380,255,89,36,40
M,15-24,3,2020,HOSP,7912491,249,88,33,54
M,15-24,4,2020,HOSP,7935602,233,94,30,46
M,15-24,5,2020,HOSP,7958713,289,120,35,66
M,15-24,6,2020,HOSP,7981824,269,111,33,50
M,15-24,7,2020,HOSP,8004935,292,93,15,52
M,15-24,8,2020,HOSP,8005976,313,119,32,67
M,15-24,9,2020,HOSP,8007016,285,99,17,46
M,15-24,10,2020,HOSP,8008057,281,95,21,36
M,15-24,11,2020,HOSP,8009097,208,68,16,33
M,15-24,12,2020,HOSP,8010138,215,82,20,28
M,15-24,1,2021,HOSP,8011179,250,91,28,51
M,15-24,2,2021,HOSP,8012219,230,92,17,36
M,15-24,3,2021,HOSP,8013260,284,107,24,61
M,15-24,4,2021,HOSP,8014300,300,107,17,55
M,15-24,5,2021,HOSP,8015341,264,99,23,43
M,15-24,6,2021,HOSP,8016381,236,89,20,40
M,15-24,7,2021,HOSP,8017422,254,115,17,47
M,15-24,8,2021,HOSP,8020711,215,86,19,39
M,15-24,9,2021,HOSP,8024000,221,78,21,40
M,15-24,10,2021,HOSP,8027290,200,76,14,34
M,15-24,11,2021,HOSP,8030579,201,72,13,28
M,15-24,12,2021,HOSP,8033868,186,71,19,29
M,15-24,1,2022,HOSP,7748592,199,82,20,27
M,15-24,2,2022,HOSP,7751572,200,69,11,31
M,15-24,3,2022,HOSP,7754553,208,77,11,36
M,15-24,4,2022,HOSP,7757533,243,88,18,43
M,15-24,5,2022,HOSP,7760514,215,73,10,45
M,15-24,6,2022,HOSP,7763494,205,88,10,30
M,15-24,7,2022,HOSP,7766475,194,73,11,48
M,15-24,8,2022,HOSP,7769456,214,85,19,44
M,15-24,9,2022,HOSP,7772436,214,90,13,33
M,15-24,10,2022,HOSP,7775417,195,79,13,25
M,15-24,11,2022,HOSP,7778397,185,70,0,31
M,15-24,12,2022,HOSP,7781378,189,85,0,24
M,25-34,1,2018,HOSP,7865496,405,181,113,110
M,25-34,2,2018,HOSP,7871953,427,189,113,125
M,25-34,3,2018,HOSP,7878411,497,215,135,151
M,25-34,4,2018,HOSP,7884869,499,189,105,152
M,25-34,5,2018,HOSP,7891327,507,206,142,172
M,25-34,6,2018,HOSP,7897785,436,170,95,133
M,25-34,7,2018,HOSP,7904243,532,208,145,169
M,25-34,8,2018,HOSP,7910098,506,203,126,167
M,25-34,9,2018,HOSP,7915953,465,201,112,151
M,25-34,10,2018,HOSP,7921808,431,184,108,116
M,25-34,11,2018,HOSP,7927663,439,184,113,135
M,25-34,12,2018,HOSP,7933518,416,185,104,108
M,25-34,1,2019,HOSP,7939374,465,185,111,140
M,25-34,2,2019,HOSP,7945229,368,144,84,107
M,25-34,3,2019,HOSP,7951084,451,208,116,144
M,25-34,4,2019,HOSP,7956939,459,183,111,137
M,25-34,5,2019,HOSP,7962794,515,187,103,161
M,25-34,6,2019,HOSP,7968649,526,199,110,142
M,25-34,7,2019,HOSP,7974504,516,197,96,174
M,25-34,8,2019,HOSP,7973062,536,219,122,174
M,25-34,9,2019,HOSP,7971620,546,234,122,156
M,25-34,10,2019,HOSP,7970178,535,195,99,181
M,25-34,11,2019,HOSP,7968736,484,184,107,150
M,25-34,12,2019,HOSP,7967294,491,214,105,157
M,25-34,1,2020,HOSP,8234485,507,211,110,163
M,25-34,2,2020,HOSP,8232744,494,214,107,153
M,25-34,3,2020,HOSP,8231002,569,234,130,160
M,25-34,4,2020,HOSP,8229261,471,244,111,129
M,25-34,5,2020,HOSP,8227519,577,294,155,164
M,25-34,6,2020,HOSP,8225778,584,269,119,163
M,25-34,7,2020,HOSP,8224036,627,302,147,185
M,25-34,8,2020,HOSP,8220527,540,252,112,168
M,25-34,9,2020,HOSP,8217019,520,237,109,137
M,25-34,10,2020,HOSP,8213510,497,206,84,138
M,25-34,11,2020,HOSP,8210001,427,182,78,127
M,25-34,12,2020,HOSP,8206493,474,211,103,140
M,25-34,1,2021,HOSP,8202984,454,201,97,145
M,25-34,2,2021,HOSP,8199475,445,203,97,117
M,25-34,3,2021,HOSP,8195967,575,264,120,186
M,25-34,4,2021,HOSP,8192458,606,279,135,205
M,25-34,5,2021,HOSP,8188949,528,202,74,176
M,25-34,6,2021,HOSP,8185441,537,230,103,174
M,25-34,7,2021,HOSP,8181932,548,268,113,168
M,25-34,8,2021,HOSP,8182960,584,257,105,163
M,25-34,9,2021,HOSP,8183988,484,240,100,160
M,25-34,10,2021,HOSP,8185015,430,169,74,133
M,25-34,11,2021,HOSP,8186043,456,217,71,123
M,25-34,12,2021,HOSP,8187071,406,224,87,102
M,25-34,1,2022,HOSP,7918455,349,169,66,86
M,25-34,2,2022,HOSP,7919291,412,191,55,108
M,25-34,3,2022,HOSP,7920128,509,241,85,168
M,25-34,4,2022,HOSP,7920964,456,225,72,156
M,25-34,5,2022,HOSP,7921800,420,202,77,132
M,25-34,6,2022,HOSP,7922637,479,226,64,154
M,25-34,7,2022,HOSP,7923473,484,227,64,165
M,25-34,8,2022,HOSP,7924309,505,270,78,159
M,25-34,9,2022,HOSP,7925146,449,216,53,135
M,25-34,10,2022,HOSP,7925982,413,195,45,104
M,25-34,11,2022,HOSP,7926818,383,195,44,92
M,25-34,12,2022,HOSP,7927655,388,173,34,106
M,35-54,1,2018,HOSP,14196852,782,271,119,232
M,35-54,2,2018,HOSP,14193402,725,254,88,211
M,35-54,3,2018,HOSP,14189952,927,325,120,304
M,35-54,4,2018,HOSP,14186502,886,308,137,269
M,35-54,5,2018,HOSP,14183053,967,377,176,314
M,35-54,6,2018,HOSP,14179603,914,320,149,311
M,35-54,7,2018,HOSP,14176153,957,314,153,343
M,35-54,8,2018,HOSP,14171861,919,334,153,324
M,35-54,9,2018,HOSP,14167570,909,301,133,338
M,35-54,10,2018,HOSP,14163278,919,311,139,289
M,35-54,11,2018,HOSP,14158986,771,255,111,284
M,35-54,12,2018,HOSP,14154694,837,294,123,269
M,35-54,1,2019,HOSP,14150403,842,272,126,288
M,35-54,2,2019,HOSP,14146111,833,256,112,283
M,35-54,3,2019,HOSP,14141819,848,277,139,320
M,35-54,4,2019,HOSP,14137527,901,306,119,328
M,35-54,5,2019,HOSP,14133236,990,332,133,343
M,35-54,6,2019,HOSP,14128944,886,311,131,297
M,35-54,7,2019,HOSP,14124652,976,337,153,360
M,35-54,8,2019,HOSP,14164605,975,347,146,351
M,35-54,9,2019,HOSP,14204558,920,318,140,316
M,35-54,10,2019,HOSP,14244511,892,282,131,330
M,35-54,11,2019,HOSP,14284464,831,283,116,308
M,35-54,12,2019,HOSP,14324417,852,287,121,292
M,35-54,1,2020,HOSP,14843468,915,315,141,312
M,35-54,2,2020,HOSP,14884487,837,294,131,285
M,35-54,3,2020,HOSP,14925507,955,363,174,342
M,35-54,4,2020,HOSP,14966526,794,315,118,285
M,35-54,5,2020,HOSP,15007545,1099,502,211,342
M,35-54,6,2020,HOSP,15048565,1063,442,184,373
M,35-54,7,2020,HOSP,15089584,1026,431,181,351
M,35-54,8,2020,HOSP,15089086,976,388,149,347
M,35-54,9,2020,HOSP,15088589,881,342,135,306
M,35-54,10,2020,HOSP,15088091,859,276,105,310
M,35-54,11,2020,HOSP,15087593,834,312,127,290
M,35-54,12,2020,HOSP,15087096,871,331,120,292
M,35-54,1,2021,HOSP,15086598,844,307,120,322
M,35-54,2,2021,HOSP,15086100,804,276,119,284
M,35-54,3,2021,HOSP,15085603,1035,391,142,410
M,35-54,4,2021,HOSP,15085105,1098,424,169,434
M,35-54,5,2021,HOSP,15084607,1059,421,150,424
M,35-54,6,2021,HOSP,15084110,1087,428,157,416
M,35-54,7,2021,HOSP,15083612,1096,427,166,396
M,35-54,8,2021,HOSP,15084601,1009,403,147,379
M,35-54,9,2021,HOSP,15085591,894,323,111,338
M,35-54,10,2021,HOSP,15086580,956,378,125,379
M,35-54,11,2021,HOSP,15087570,814,335,120,310
M,35-54,12,2021,HOSP,15088559,871,353,111,321
M,35-54,1,2022,HOSP,14596743,707,277,86,249
M,35-54,2,2022,HOSP,14597298,833,344,109,301
M,35-54,3,2022,HOSP,14597853,923,368,117,364
M,35-54,4,2022,HOSP,14598408,953,390,126,363
M,35-54,5,2022,HOSP,14598963,985,394,110,388
M,35-54,6,2022,HOSP,14599518,920,339,86,359
M,35-54,7,2022,HOSP,14600073,964,420,114,357
M,35-54,8,2022,HOSP,14600628,966,409,94,352
M,35-54,9,2022,HOSP,14601183,927,385,102,341
M,35-54,10,2022,HOSP,14601738,781,347,78,264
M,35-54,11,2022,HOSP,14602293,849,349,86,275
M,35-54,12,2022,HOSP,14602848,804,331,77,248
M,55+,1,2018,HOSP,14871500,1094,378,56,166
M,55+,2,2018,HOSP,14897928,1042,373,72,159
M,55+,3,2018,HOSP,14924357,1176,386,60,214
M,55+,4,2018,HOSP,14950786,1131,375,75,204
M,55+,5,2018,HOSP,14977214,1170,408,82,202
M,55+,6,2018,HOSP,15003643,1152,363,79,236
M,55+,7,2018,HOSP,15030072,1088,379,72,184
M,55+,8,2018,HOSP,15055782,1146,401,98,216
M,55+,9,2018,HOSP,15081492,1088,377,74,203
M,55+,10,2018,HOSP,15107202,1133,386,102,231
M,55+,11,2018,HOSP,15132912,1068,365,63,203
M,55+,12,2018,HOSP,15158622,1044,345,70,222
M,55+,1,2019,HOSP,15184332,1087,347,76,251
M,55+,2,2019,HOSP,15210042,1035,342,68,199
M,55+,3,2019,HOSP,15235752,1119,371,76,251
M,55+,4,2019,HOSP,15261462,1109,380,71,242
M,55+,5,2019,HOSP,15287172,1185,370,74,268
M,55+,6,2019,HOSP,15312882,1135,385,87,257
M,55+,7,2019,HOSP,15338592,1220,418,91,276
M,55+,8,2019,HOSP,15368869,1131,398,104,238
M,55+,9,2019,HOSP,15399147,1133,411,92,232
M,55+,10,2019,HOSP,15429424,1071,322,75,270
M,55+,11,2019,HOSP,15459702,1048,329,86,250
M,55+,12,2019,HOSP,15489979,1100,371,76,265
M,55+,1,2020,HOSP,16043968,1153,386,100,255
M,55+,2,2020,HOSP,16074430,1028,365,92,234
M,55+,3,2020,HOSP,16104893,1066,378,97,251
M,55+,4,2020,HOSP,16135355,801,293,74,180
M,55+,5,2020,HOSP,16165817,1082,395,106,269
M,55+,6,2020,HOSP,16196280,1094,400,90,268
M,55+,7,2020,HOSP,16226742,1181,422,115,241
M,55+,8,2020,HOSP,16241818,1118,414,104,223
M,55+,9,2020,HOSP,16256895,1098,388,89,228
M,55+,10,2020,HOSP,16271971,1156,427,103,261
M,55+,11,2020,HOSP,16287047,1016,354,82,249
M,55+,12,2020,HOSP,16302124,1019,347,66,218
M,55+,1,2021,HOSP,16317200,1013,360,84,202
M,55+,2,2021,HOSP,16332276,967,315,73,248
M,55+,3,2021,HOSP,16347353,1174,405,103,288
M,55+,4,2021,HOSP,16362429,1215,434,126,329
M,55+,5,2021,HOSP,16377505,1182,412,94,309
M,55+,6,2021,HOSP,16392582,1241,449,118,337
M,55+,7,2021,HOSP,16407658,1206,423,121,313
M,55+,8,2021,HOSP,16421261,1131,418,101,293
M,55+,9,2021,HOSP,16434863,1079,406,107,250
M,55+,10,2021,HOSP,16448466,1134,402,112,273
M,55+,11,2021,HOSP,16462069,1075,398,81,252
M,55+,12,2021,HOSP,16475671,1070,380,94,288
M,55+,1,2022,HOSP,15960746,920,324,80,211
M,55+,2,2022,HOSP,15974113,963,368,82,216
M,55+,3,2022,HOSP,15987480,1122,409,98,315
M,55+,4,2022,HOSP,16000847,1069,364,99,272
M,55+,5,2022,HOSP,16014214,1136,440,127,314
M,55+,6,2022,HOSP,16027581,1149,445,98,278
M,55+,7,2022,HOSP,16040948,1071,433,98,275
M,55+,8,2022,HOSP,16054315,1163,429,84,302
M,55+,9,2022,HOSP,16067682,1097,379,79,281
M,55+,10,2022,HOSP,16081049,1015,385,89,247
M,55+,11,2022,HOSP,16094416,1064,424,85,256
M,55+,12,2022,HOSP,16107783,992,355,83,239
