state_code,month,year,source,count_alldrug,count_opioid,count_heroin,count_stimulant
AK,1,2018,ED,62,13,0,0
AK,1,2018,HOSP,36,11,0,0
AK,2,2018,ED,66,0,0,0
AK,2,2018,HOSP,18,0,0,0
AK,3,2018,ED,82,24,17,0
AK,3,2018,HOSP,37,14,0,0
AK,4,2018,ED,86,25,19,11
AK,4,2018,HOSP,32,0,0,0
AK,5,2018,ED,62,18,14,0
AK,5,2018,HOSP,19,0,0,0
AK,6,2018,ED,68,18,12,0
AK,6,2018,HOSP,27,0,0,0
AK,7,2018,ED,71,23,0,0
AK,7,2018,HOSP,33,0,0,0
AK,8,2018,ED,80,27,19,0
AK,8,2018,HOSP,29,0,0,0
AK,9,2018,ED,51,12,0,0
AK,9,2018,HOSP,29,11,0,0
AK,10,2018,ED,73,33,0,0
AK,10,2018,HOSP,27,10,0,0
AK,11,2018,ED,79,23,11,0
AK,11,2018,HOSP,38,16,0,0
AK,12,2018,ED,50,16,13,0
AK,12,2018,HOSP,22,0,0,0
AK,1,2019,ED,67,20,10,0
AK,1,2019,HOSP,29,10,0,0
AK,2,2019,ED,68,29,15,0
AK,2,2019,HOSP,20,0,0,0
AK,3,2019,ED,70,27,10,0
AK,3,2019,HOSP,30,0,0,0
AK,4,2019,ED,51,17,0,0
AK,4,2019,HOSP,30,12,0,0
AK,5,2019,ED,71,28,15,0
AK,5,2019,HOSP,41,11,0,13
AK,6,2019,ED,70,24,18,0
AK,6,2019,HOSP,25,13,0,0
AK,7,2019,ED,67,22,10,0
AK,7,2019,HOSP,24,10,0,0
AK,8,2019,ED,75,19,0,0
AK,8,2019,HOSP,31,10,0,0
AK,9,2019,ED,67,19,0,0
AK,9,2019,HOSP,31,0,0,0
AK,10,2019,ED,67,16,0,0
AK,10,2019,HOSP,33,11,0,0
AK,11,2019,ED,51,15,0,0
AK,11,2019,HOSP,35,0,0,0
AK,12,2019,ED,64,19,11,0
AK,12,2019,HOSP,25,10,0,0
AK,1,2020,ED,50,19,0,0
AK,1,2020,HOSP,28,0,0,0
AK,2,2020,ED,55,13,0,0
AK,2,2020,HOSP,29,0,0,0
AK,3,2020,ED,65,25,15,0
AK,3,2020,HOSP,38,11,0,0
AK,4,2020,ED,74,40,0,0
AK,4,2020,HOSP,25,12,0,0
AK,5,2020,ED,91,36,16,11
AK,5,2020,HOSP,41,16,0,0
AK,6,2020,ED,69,28,11,0
AK,6,2020,HOSP,30,12,0,0
AK,7,2020,ED,80,39,18,0
AK,7,2020,HOSP,38,0,0,14
AK,8,2020,ED,76,30,0,0
AK,8,2020,HOSP,34,0,0,12
AK,9,2020,ED,64,24,0,0
AK,9,2020,HOSP,30,0,0,0
AK,10,2020,ED,48,19,0,0
AK,10,2020,HOSP,25,0,0,0
AK,11,2020,ED,63,23,11,0
AK,11,2020,HOSP,31,15,0,0
AK,12,2020,ED,84,34,15,0
AK,12,2020,HOSP,19,0,0,0
AK,1,2021,ED,59,23,10,0
AK,1,2021,HOSP,28,0,0,0
AK,2,2021,ED,56,21,0,0
AK,2,2021,HOSP,32,12,0,0
AK,3,2021,ED,86,44,26,0
AK,3,2021,HOSP,33,13,0,10
AK,4,2021,ED,88,54,34,0
AK,4,2021,HOSP,31,10,0,0
AK,5,2021,ED,125,77,45,0
AK,5,2021,HOSP,41,14,0,0
AK,6,2021,ED,67,33,17,0
AK,6,2021,HOSP,27,13,0,0
AK,7,2021,ED,87,44,19,0
AK,7,2021,HOSP,35,13,0,0
AK,8,2021,ED,70,28,11,0
AK,8,2021,HOSP,24,10,0,0
AK,9,2021,ED,54,25,14,0
AK,9,2021,HOSP,23,0,0,0
AK,10,2021,ED,77,40,18,0
AK,10,2021,HOSP,38,16,0,0
AK,11,2021,ED,77,38,11,0
AK,11,2021,HOSP,34,12,0,0
AK,12,2021,ED,91,58,30,0
AK,12,2021,HOSP,27,0,0,0
AK,1,2022,ED,67,32,10,0
AK,1,2022,HOSP,15,0,0,0
AK,2,2022,ED,51,19,0,0
AK,2,2022,HOSP,31,0,0,0
AK,3,2022,ED,65,37,17,0
AK,3,2022,HOSP,34,0,0,0
AK,4,2022,ED,76,32,14,0
AK,4,2022,HOSP,37,12,0,0
AK,5,2022,ED,66,26,0,0
AK,5,2022,HOSP,40,22,0,0
AK,6,2022,ED,78,40,18,0
AK,6,2022,HOSP,31,11,0,0
AK,7,2022,ED,83,31,0,0
AK,7,2022,HOSP,43,13,0,12
AK,8,2022,ED,106,39,16,0
AK,8,2022,HOSP,26,11,0,0
AK,9,2022,ED,94,40,13,0
AK,9,2022,HOSP,27,13,0,0
AK,10,2022,ED,83,38,0,0
AK,10,2022,HOSP,34,11,0,10
AK,11,2022,ED,76,24,0,0
AK,11,2022,HOSP,30,0,0,0
AK,12,2022,ED,59,23,0,0
AK,12,2022,HOSP,32,14,0,0
CA,1,2018,ED,3346,769,395,348
CA,2,2018,ED,3181,854,452,392
CA,3,2018,ED,3464,917,485,438
CA,4,2018,ED,3460,876,444,403
CA,5,2018,ED,3446,893,452,430
CA,6,2018,ED,3339,951,497,394
CA,7,2018,ED,3639,981,534,493
CA,8,2018,ED,3662,1114,597,449
CA,9,2018,ED,3409,986,501,414
CA,10,2018,ED,3414,968,479,404
CA,11,2018,ED,3100,868,421,315
CA,12,2018,ED,3255,912,434,351
CA,1,2019,ED,3073,829,397,338
CA,2,2019,ED,2985,784,356,364
CA,3,2019,ED,3358,897,386,406
CA,4,2019,ED,3319,995,440,403
CA,5,2019,ED,3620,1097,478,409
CA,6,2019,ED,3605,1207,537,458
CA,7,2019,ED,3823,1228,492,524
CA,8,2019,ED,3796,1275,488,458
CA,9,2019,ED,3779,1257,462,482
CA,10,2019,ED,3775,1218,419,504
CA,11,2019,ED,3445,1131,382,479
CA,12,2019,ED,3775,1232,399,528
CA,1,2020,ED,3887,1349,406,496
CA,2,2020,ED,3788,1374,367,428
CA,3,2020,ED,3647,1407,403,479
CA,4,2020,ED,3236,1404,388,444
CA,5,2020,ED,3763,1535,417,499
CA,6,2020,ED,3694,1489,383,466
CA,7,2020,ED,4022,1688,408,495
CA,8,2020,ED,4216,1750,403,541
CA,9,2020,ED,4132,1746,405,501
CA,10,2020,ED,4008,1693,371,506
CA,11,2020,ED,3710,1507,304,480
CA,12,2020,ED,3449,1561,259,399
CA,1,2021,ED,3741,1665,279,431
CA,2,2021,ED,3793,1641,279,434
CA,3,2021,ED,4331,1896,357,522
CA,4,2021,ED,4457,1944,336,522
CA,5,2021,ED,4639,2039,294,576
CA,6,2021,ED,4519,1969,279,552
CA,7,2021,ED,4607,2102,330,503
CA,8,2021,ED,4820,2274,318,543
CA,9,2021,ED,4341,2009,257,482
CA,10,2021,ED,4114,1977,261,492
CA,11,2021,ED,4042,1947,209,453
CA,12,2021,ED,3919,1927,186,406
CA,1,2022,ED,3824,1931,219,402
CA,2,2022,ED,3696,1793,173,402
CA,3,2022,ED,4208,2002,181,472
CA,4,2022,ED,3935,1840,146,449
CA,5,2022,ED,4132,1923,124,484
CA,6,2022,ED,4103,2030,132,441
CA,7,2022,ED,4216,2151,132,470
CA,8,2022,ED,4378,2209,121,453
CA,9,2022,ED,4130,2107,112,419
CA,10,2022,ED,4135,2152,91,295
CA,11,2022,ED,3588,1847,73,222
CA,12,2022,ED,3630,1879,91,197
CO,1,2018,ED,576,152,77,21
CO,1,2018,HOSP,227,85,14,30
CO,2,2018,ED,468,123,47,31
CO,2,2018,HOSP,175,62,0,23
CO,3,2018,ED,554,157,76,37
CO,3,2018,HOSP,219,76,14,49
CO,4,2018,ED,544,147,68,37
CO,4,2018,HOSP,219,71,16,45
CO,5,2018,ED,532,133,57,38
CO,5,2018,HOSP,224,73,21,44
CO,6,2018,ED,584,169,74,40
CO,6,2018,HOSP,209,71,22,34
CO,7,2018,ED,645,169,92,51
CO,7,2018,HOSP,229,70,15,48
CO,8,2018,ED,599,147,70,31
CO,8,2018,HOSP,217,69,13,40
CO,9,2018,ED,644,172,88,45
CO,9,2018,HOSP,215,79,23,46
CO,10,2018,ED,588,142,70,30
CO,10,2018,HOSP,229,72,18,50
CO,11,2018,ED,575,150,74,30
CO,11,2018,HOSP,201,58,0,39
CO,12,2018,ED,564,147,75,40
CO,12,2018,HOSP,214,71,13,49
CO,1,2019,ED,533,119,49,24
CO,1,2019,HOSP,232,72,14,49
CO,2,2019,ED,498,117,53,23
CO,2,2019,HOSP,251,64,16,64
CO,3,2019,ED,543,137,58,39
CO,3,2019,HOSP,220,68,14,48
CO,4,2019,ED,635,168,58,41
CO,4,2019,HOSP,251,89,15,50
CO,5,2019,ED,609,141,52,44
CO,5,2019,HOSP,244,76,19,54
CO,6,2019,ED,624,173,76,25
CO,6,2019,HOSP,238,69,13,46
CO,7,2019,ED,576,178,72,34
CO,7,2019,HOSP,241,62,13,53
CO,8,2019,ED,513,131,59,32
CO,8,2019,HOSP,205,61,14,53
CO,9,2019,ED,452,115,43,26
CO,9,2019,HOSP,182,56,13,41
CO,10,2019,ED,617,179,65,32
CO,10,2019,HOSP,231,76,18,49
CO,11,2019,ED,565,180,68,40
CO,11,2019,HOSP,195,65,25,45
CO,12,2019,ED,567,176,56,39
CO,12,2019,HOSP,235,85,21,54
CO,1,2020,ED,425,126,33,18
CO,1,2020,HOSP,170,71,11,38
CO,2,2020,ED,407,118,25,24
CO,2,2020,HOSP,171,65,16,25
CO,3,2020,ED,398,130,39,21
CO,3,2020,HOSP,170,60,15,31
CO,4,2020,ED,471,197,69,29
CO,4,2020,HOSP,178,69,13,42
CO,5,2020,ED,609,259,65,40
CO,5,2020,HOSP,234,89,18,48
CO,6,2020,ED,570,217,58,26
CO,6,2020,HOSP,224,100,22,51
CO,7,2020,ED,717,295,83,29
CO,7,2020,HOSP,230,92,12,53
CO,8,2020,ED,654,247,60,35
CO,8,2020,HOSP,241,90,12,47
CO,9,2020,ED,682,299,64,22
CO,9,2020,HOSP,224,83,0,41
CO,10,2020,ED,571,189,46,41
CO,10,2020,HOSP,228,76,16,41
CO,11,2020,ED,569,218,48,39
CO,11,2020,HOSP,230,88,19,37
CO,12,2020,ED,592,225,61,32
CO,12,2020,HOSP,216,65,11,41
CO,1,2021,ED,585,198,44,32
CO,1,2021,HOSP,241,96,13,44
CO,2,2021,ED,569,221,48,31
CO,2,2021,HOSP,204,75,12,44
CO,3,2021,ED,653,289,68,31
CO,3,2021,HOSP,229,96,15,54
CO,4,2021,ED,726,297,62,46
CO,4,2021,HOSP,204,75,11,54
CO,5,2021,ED,678,272,49,35
CO,5,2021,HOSP,234,93,11,56
CO,6,2021,ED,701,310,55,38
CO,6,2021,HOSP,228,94,12,52
CO,7,2021,ED,722,360,54,25
CO,7,2021,HOSP,202,77,0,43
CO,8,2021,ED,811,353,46,30
CO,8,2021,HOSP,221,97,11,36
CO,9,2021,ED,729,311,35,33
CO,9,2021,HOSP,202,87,0,45
CO,10,2021,ED,592,254,25,30
CO,10,2021,HOSP,178,53,0,42
CO,11,2021,ED,654,305,39,22
CO,11,2021,HOSP,193,64,0,41
CO,12,2021,ED,653,307,31,28
CO,12,2021,HOSP,208,72,0,37
CO,1,2022,ED,586,271,31,29
CO,1,2022,HOSP,178,82,0,24
CO,2,2022,ED,517,231,20,22
CO,2,2022,HOSP,157,61,0,21
CO,3,2022,ED,604,251,10,26
CO,3,2022,HOSP,176,74,0,35
CO,4,2022,ED,562,222,13,28
CO,4,2022,HOSP,164,61,0,26
CO,5,2022,ED,593,250,12,29
CO,5,2022,HOSP,174,75,0,37
CO,6,2022,ED,602,246,20,37
CO,6,2022,HOSP,175,74,0,31
CO,7,2022,ED,620,261,0,29
CO,7,2022,HOSP,172,70,0,34
CO,8,2022,ED,696,304,19,32
CO,8,2022,HOSP,183,75,0,33
CO,9,2022,ED,545,244,0,32
CO,9,2022,HOSP,170,62,0,34
CO,10,2022,ED,629,232,0,33
CO,10,2022,HOSP,179,62,0,30
CO,11,2022,ED,617,253,0,27
CO,11,2022,HOSP,201,86,0,38
CO,12,2022,ED,636,255,0,26
CO,12,2022,HOSP,178,71,0,31
DE,1,2018,HOSP,59,31,17,10
DE,2,2018,HOSP,66,36,12,10
DE,3,2018,HOSP,53,17,0,10
DE,4,2018,HOSP,64,28,13,14
DE,5,2018,HOSP,69,43,18,0
DE,6,2018,HOSP,79,32,13,14
DE,7,2018,HOSP,57,27,13,13
DE,8,2018,HOSP,80,46,22,17
DE,9,2018,HOSP,67,38,16,16
DE,10,2018,HOSP,73,42,18,0
DE,11,2018,HOSP,55,29,14,0
DE,12,2018,HOSP,58,28,12,10
DE,1,2019,HOSP,56,24,11,0
DE,2,2019,HOSP,36,17,0,0
DE,3,2019,HOSP,65,33,13,13
DE,4,2019,HOSP,79,36,18,17
DE,5,2019,HOSP,63,32,13,13
DE,6,2019,HOSP,56,22,0,10
DE,7,2019,HOSP,69,37,18,10
DE,8,2019,HOSP,71,37,15,11
DE,9,2019,HOSP,62,28,16,0
DE,10,2019,HOSP,68,37,0,12
DE,11,2019,HOSP,47,21,10,0
DE,12,2019,HOSP,62,30,14,0
DE,1,2020,HOSP,58,37,15,0
DE,2,2020,HOSP,48,23,0,0
DE,3,2020,HOSP,64,34,16,0
DE,4,2020,HOSP,56,23,0,10
DE,5,2020,HOSP,58,28,13,10
DE,6,2020,HOSP,54,26,0,0
DE,7,2020,HOSP,64,28,0,0
DE,8,2020,HOSP,62,26,11,0
DE,9,2020,HOSP,63,32,0,12
DE,10,2020,HOSP,48,26,0,0
DE,11,2020,HOSP,49,26,0,0
DE,12,2020,HOSP,50,29,0,0
DE,1,2021,HOSP,44,18,0,0
DE,2,2021,HOSP,52,19,0,12
DE,3,2021,HOSP,61,33,0,0
DE,4,2021,HOSP,77,38,13,15
DE,5,2021,HOSP,72,34,11,15
DE,6,2021,HOSP,77,40,0,16
DE,7,2021,HOSP,64,34,0,10
DE,8,2021,HOSP,85,36,0,13
DE,9,2021,HOSP,58,26,0,12
DE,10,2021,HOSP,65,33,0,13
DE,11,2021,HOSP,54,28,0,13
DE,12,2021,HOSP,50,27,0,10
DE,1,2022,HOSP,49,25,0,0
DE,2,2022,HOSP,53,27,0,10
DE,3,2022,HOSP,63,33,0,11
DE,4,2022,HOSP,61,38,0,0
DE,5,2022,HOSP,59,31,0,12
DE,6,2022,HOSP,61,32,0,18
DE,7,2022,HOSP,56,28,0,12
DE,8,2022,HOSP,59,35,0,14
DE,9,2022,HOSP,58,32,0,15
DE,10,2022,HOSP,58,32,0,11
DE,11,2022,HOSP,54,27,0,12
DE,12,2022,HOSP,29,19,0,0
GA,1,2018,ED,801,197,71,72
GA,1,2018,HOSP,471,168,19,94
GA,2,2018,ED,785,220,97,67
GA,2,2018,HOSP,457,168,26,100
GA,3,2018,ED,903,265,134,83
GA,3,2018,HOSP,590,182,24,142
GA,4,2018,ED,858,230,100,57
GA,4,2018,HOSP,576,171,26,137
GA,5,2018,ED,916,223,86,65
GA,5,2018,HOSP,602,187,23,128
GA,6,2018,ED,807,224,105,69
GA,6,2018,HOSP,541,182,33,118
GA,7,2018,ED,922,247,107,79
GA,7,2018,HOSP,586,158,28,162
GA,8,2018,ED,868,193,87,76
GA,8,2018,HOSP,587,176,32,148
GA,9,2018,ED,874,213,95,75
GA,9,2018,HOSP,510,165,18,125
GA,10,2018,ED,887,210,89,75
GA,10,2018,HOSP,533,162,26,144
GA,11,2018,ED,786,189,66,59
GA,11,2018,HOSP,491,162,24,123
GA,12,2018,ED,836,189,74,78
GA,12,2018,HOSP,511,169,18,109
GA,1,2019,ED,838,172,67,63
GA,1,2019,HOSP,526,166,23,144
GA,2,2019,ED,815,155,65,62
GA,2,2019,HOSP,516,154,24,123
GA,3,2019,ED,846,199,81,59
GA,3,2019,HOSP,528,160,21,138
GA,4,2019,ED,823,210,83,69
GA,4,2019,HOSP,542,185,30,133
GA,5,2019,ED,929,217,91,78
GA,5,2019,HOSP,540,168,25,131
GA,6,2019,ED,889,212,102,65
GA,6,2019,HOSP,557,170,35,134
GA,7,2019,ED,915,250,105,80
GA,7,2019,HOSP,548,158,24,140
GA,8,2019,ED,968,267,124,81
GA,8,2019,HOSP,566,171,34,146
GA,9,2019,ED,949,251,111,82
GA,9,2019,HOSP,536,161,28,127
GA,10,2019,ED,952,274,131,78
GA,10,2019,HOSP,522,130,30,130
GA,11,2019,ED,822,226,87,57
GA,11,2019,HOSP,499,146,34,149
GA,12,2019,ED,861,244,111,72
GA,12,2019,HOSP,493,142,15,120
GA,1,2020,ED,869,253,100,63
GA,1,2020,HOSP,521,154,27,120
GA,2,2020,ED,826,231,95,83
GA,2,2020,HOSP,490,151,24,124
GA,3,2020,ED,864,282,133,62
GA,3,2020,HOSP,519,172,33,144
GA,4,2020,ED,859,385,171,51
GA,4,2020,HOSP,351,127,30,95
GA,5,2020,ED,981,373,176,79
GA,5,2020,HOSP,532,180,39,148
GA,6,2020,ED,976,392,165,56
GA,6,2020,HOSP,509,164,24,128
GA,7,2020,ED,1016,385,155,72
GA,7,2020,HOSP,488,155,40,132
GA,8,2020,ED,1077,377,146,67
GA,8,2020,HOSP,486,174,26,130
GA,9,2020,ED,974,335,125,89
GA,9,2020,HOSP,441,151,21,103
GA,10,2020,ED,1046,330,155,85
GA,10,2020,HOSP,474,155,38,105
GA,11,2020,ED,978,309,134,76
GA,11,2020,HOSP,430,120,29,127
GA,12,2020,ED,1003,349,164,54
GA,12,2020,HOSP,463,142,29,121
GA,1,2021,ED,973,355,149,75
GA,1,2021,HOSP,412,130,40,110
GA,2,2021,ED,968,354,165,72
GA,2,2021,HOSP,457,126,38,141
GA,3,2021,ED,1244,465,205,96
GA,3,2021,HOSP,536,184,42,148
GA,4,2021,ED,1153,418,158,67
GA,4,2021,HOSP,589,188,45,192
GA,5,2021,ED,1247,470,174,78
GA,5,2021,HOSP,565,173,30,167
GA,6,2021,ED,1134,394,152,71
GA,6,2021,HOSP,519,149,33,180
GA,7,2021,ED,1143,383,158,90
GA,7,2021,HOSP,521,151,41,154
GA,8,2021,ED,1027,362,148,62
GA,8,2021,HOSP,417,120,29,115
GA,9,2021,ED,1049,398,155,68
GA,9,2021,HOSP,420,144,31,102
GA,10,2021,ED,1123,413,165,72
GA,10,2021,HOSP,488,140,40,155
GA,11,2021,ED,1065,346,122,68
GA,11,2021,HOSP,499,163,38,143
GA,12,2021,ED,1150,442,171,62
GA,12,2021,HOSP,472,152,45,134
GA,1,2022,ED,1012,347,120,64
GA,1,2022,HOSP,451,135,30,130
GA,2,2022,ED,923,315,117,62
GA,2,2022,HOSP,466,142,38,136
GA,3,2022,ED,1201,382,140,90
GA,3,2022,HOSP,525,145,28,166
GA,4,2022,ED,1184,386,112,81
GA,4,2022,HOSP,605,173,29,167
GA,5,2022,ED,1303,400,104,89
GA,5,2022,HOSP,572,175,40,155
GA,6,2022,ED,1152,403,114,85
GA,6,2022,HOSP,531,153,33,144
GA,7,2022,ED,1133,344,92,74
GA,7,2022,HOSP,455,131,20,145
GA,8,2022,ED,1134,353,92,87
GA,8,2022,HOSP,511,153,27,147
GA,9,2022,ED,1125,335,95,84
GA,9,2022,HOSP,465,130,17,138
GA,10,2022,ED,1079,333,81,66
GA,10,2022,HOSP,489,113,24,115
GA,11,2022,ED,1065,319,77,59
GA,11,2022,HOSP,465,122,22,117
GA,12,2022,ED,1065,332,87,52
GA,12,2022,HOSP,455,133,16,96
HI,1,2018,ED,90,15,0,0
HI,1,2018,HOSP,34,16,0,0
HI,2,2018,ED,76,12,0,0
HI,2,2018,HOSP,33,0,0,11
HI,3,2018,ED,80,18,0,0
HI,3,2018,HOSP,35,11,0,12
HI,4,2018,ED,89,13,0,0
HI,4,2018,HOSP,52,14,0,14
HI,5,2018,ED,99,15,0,0
HI,5,2018,HOSP,52,18,0,13
HI,6,2018,ED,106,20,0,0
HI,6,2018,HOSP,35,0,0,12
HI,7,2018,ED,99,22,0,0
HI,7,2018,HOSP,32,0,0,0
HI,8,2018,ED,87,17,0,0
HI,8,2018,HOSP,37,0,0,11
HI,9,2018,ED,90,17,0,13
HI,9,2018,HOSP,27,0,0,0
HI,10,2018,ED,97,17,0,0
HI,10,2018,HOSP,32,0,0,0
HI,11,2018,ED,85,16,0,0
HI,11,2018,HOSP,32,10,0,0
HI,12,2018,ED,89,19,0,0
HI,12,2018,HOSP,33,11,0,11
HI,1,2019,ED,86,16,0,0
HI,1,2019,HOSP,29,0,0,0
HI,2,2019,ED,96,19,0,0
HI,2,2019,HOSP,32,0,0,0
HI,3,2019,ED,95,12,0,0
HI,3,2019,HOSP,44,13,0,10
HI,4,2019,ED,87,0,0,0
HI,4,2019,HOSP,31,0,0,0
HI,5,2019,ED,100,12,0,11
HI,5,2019,HOSP,25,0,0,0
HI,6,2019,ED,83,17,0,11
HI,6,2019,HOSP,34,0,0,14
HI,7,2019,ED,99,0,0,11
HI,7,2019,HOSP,33,0,0,15
HI,8,2019,ED,102,15,0,13
HI,8,2019,HOSP,33,0,0,0
HI,9,2019,ED,83,18,0,13
HI,9,2019,HOSP,46,10,0,19
HI,10,2019,ED,91,17,0,10
HI,10,2019,HOSP,48,10,0,17
HI,11,2019,ED,97,17,0,13
HI,11,2019,HOSP,47,10,0,18
HI,12,2019,ED,85,13,0,0
HI,12,2019,HOSP,34,0,0,15
HI,1,2020,ED,80,18,0,0
HI,1,2020,HOSP,39,0,0,11
HI,2,2020,ED,70,16,0,0
HI,2,2020,HOSP,28,0,0,11
HI,3,2020,ED,75,13,0,0
HI,3,2020,HOSP,37,0,0,13
HI,4,2020,ED,57,11,0,0
HI,4,2020,HOSP,36,0,0,18
HI,5,2020,ED,67,14,0,0
HI,5,2020,HOSP,54,10,0,27
HI,6,2020,ED,61,11,0,0
HI,6,2020,HOSP,77,12,0,45
HI,7,2020,ED,69,10,0,0
HI,7,2020,HOSP,49,0,0,18
HI,8,2020,ED,60,18,0,0
HI,8,2020,HOSP,33,10,0,10
HI,9,2020,ED,62,22,0,12
HI,9,2020,HOSP,47,0,0,20
HI,10,2020,ED,63,0,0,0
HI,10,2020,HOSP,50,13,0,23
HI,11,2020,ED,66,16,0,0
HI,11,2020,HOSP,42,0,0,21
HI,12,2020,ED,67,13,0,0
HI,12,2020,HOSP,38,0,0,18
HI,1,2021,ED,64,12,0,0
HI,1,2021,HOSP,47,0,0,24
HI,2,2021,ED,58,11,0,0
HI,2,2021,HOSP,43,11,0,15
HI,3,2021,ED,57,16,0,0
HI,3,2021,HOSP,46,0,0,27
HI,4,2021,ED,79,13,0,0
HI,4,2021,HOSP,50,15,0,22
HI,5,2021,ED,86,17,0,12
HI,5,2021,HOSP,49,0,0,22
HI,6,2021,ED,68,12,0,0
HI,6,2021,HOSP,40,0,0,19
HI,7,2021,ED,89,13,0,0
HI,7,2021,HOSP,49,0,0,18
HI,8,2021,ED,92,28,10,10
HI,8,2021,HOSP,41,10,0,18
HI,9,2021,ED,71,0,0,0
HI,9,2021,HOSP,41,13,0,0
HI,10,2021,ED,68,20,0,0
HI,10,2021,HOSP,40,0,0,15
HI,11,2021,ED,71,19,0,0
HI,11,2021,HOSP,33,10,0,12
HI,12,2021,ED,72,22,0,0
HI,12,2021,HOSP,39,0,0,14
HI,1,2022,ED,73,17,0,0
HI,1,2022,HOSP,28,0,0,11
HI,2,2022,ED,68,17,0,0
HI,2,2022,HOSP,38,0,0,15
HI,3,2022,ED,92,18,0,0
HI,3,2022,HOSP,31,0,0,0
HI,4,2022,ED,74,21,0,0
HI,4,2022,HOSP,41,13,0,10
HI,5,2022,ED,70,12,0,0
HI,5,2022,HOSP,27,0,0,12
HI,6,2022,ED,78,17,0,0
HI,6,2022,HOSP,33,0,0,12
HI,7,2022,ED,71,15,0,0
HI,7,2022,HOSP,36,12,0,15
HI,8,2022,ED,68,13,0,0
HI,8,2022,HOSP,43,12,0,12
HI,9,2022,ED,70,22,0,0
HI,9,2022,HOSP,35,0,0,11
HI,10,2022,ED,97,26,10,0
HI,10,2022,HOSP,33,0,0,0
HI,11,2022,ED,75,30,0,0
HI,11,2022,HOSP,29,0,0,0
HI,12,2022,ED,83,28,0,0
HI,12,2022,HOSP,37,0,0,14
IA,1,2018,ED,281,53,26,15
IA,2,2018,ED,222,37,16,17
IA,3,2018,ED,265,57,30,23
IA,4,2018,ED,267,45,19,17
IA,5,2018,ED,305,54,26,22
IA,6,2018,ED,265,45,19,19
IA,7,2018,ED,305,48,22,19
IA,8,2018,ED,290,45,21,24
IA,9,2018,ED,295,48,22,16
IA,10,2018,ED,314,62,27,23
IA,11,2018,ED,266,49,21,16
IA,12,2018,ED,277,48,20,18
IA,1,2019,ED,231,37,18,14
IA,2,2019,ED,251,36,15,13
IA,3,2019,ED,285,44,21,26
IA,4,2019,ED,288,50,21,24
IA,5,2019,ED,286,51,17,26
IA,6,2019,ED,300,59,26,22
IA,7,2019,ED,278,58,31,16
IA,8,2019,ED,284,57,31,21
IA,9,2019,ED,301,60,28,18
IA,10,2019,ED,268,49,26,19
IA,11,2019,ED,275,56,36,20
IA,12,2019,ED,257,46,23,14
IA,1,2020,ED,268,38,19,18
IA,2,2020,ED,275,49,18,23
IA,3,2020,ED,258,55,28,17
IA,4,2020,ED,199,45,21,16
IA,5,2020,ED,284,76,39,18
IA,6,2020,ED,319,78,38,14
IA,7,2020,ED,273,60,31,12
IA,8,2020,ED,344,73,32,32
IA,9,2020,ED,275,52,24,23
IA,10,2020,ED,282,69,31,18
IA,11,2020,ED,265,56,22,19
IA,12,2020,ED,224,44,20,13
IA,1,2021,ED,252,53,24,24
IA,2,2021,ED,236,53,20,12
IA,3,2021,ED,282,60,21,20
IA,4,2021,ED,307,73,23,17
IA,5,2021,ED,320,56,16,22
IA,6,2021,ED,292,72,29,16
IA,7,2021,ED,311,74,25,11
IA,8,2021,ED,293,60,21,18
IA,9,2021,ED,303,72,26,16
IA,10,2021,ED,307,60,16,26
IA,11,2021,ED,287,56,22,18
IA,12,2021,ED,267,73,24,13
IA,1,2022,ED,260,57,16,11
IA,2,2022,ED,252,52,19,17
IA,3,2022,ED,283,59,21,16
IA,4,2022,ED,266,47,16,22
IA,5,2022,ED,298,63,16,18
IA,6,2022,ED,283,55,15,23
IA,7,2022,ED,302,59,21,23
IA,8,2022,ED,298,70,25,19
IA,9,2022,ED,280,57,18,19
IA,10,2022,ED,293,58,25,13
IA,11,2022,ED,286,54,25,11
IA,12,2022,ED,239,49,13,17
IL,1,2018,ED,1469,710,556,78
IL,1,2018,HOSP,531,200,99,72
IL,2,2018,ED,1420,782,624,73
IL,2,2018,HOSP,489,211,112,70
IL,3,2018,ED,1620,860,703,87
IL,3,2018,HOSP,583,203,107,108
IL,4,2018,ED,1477,709,566,81
IL,4,2018,HOSP,651,230,113,88
IL,5,2018,ED,1778,940,751,100
IL,5,2018,HOSP,580,222,122,95
IL,6,2018,ED,1537,819,669,61
IL,6,2018,HOSP,592,229,113,90
IL,7,2018,ED,1561,836,642,86
IL,7,2018,HOSP,577,224,116,95
IL,8,2018,ED,1711,964,782,85
IL,8,2018,HOSP,592,252,128,105
IL,9,2018,ED,1675,913,728,81
IL,9,2018,HOSP,582,241,116,109
IL,10,2018,ED,1820,1057,788,90
IL,10,2018,HOSP,578,212,139,81
IL,11,2018,ED,1534,826,585,71
IL,11,2018,HOSP,504,203,103,96
IL,12,2018,ED,1529,820,585,70
IL,12,2018,HOSP,545,194,98,74
IL,1,2019,ED,1340,679,470,69
IL,1,2019,HOSP,528,206,102,99
IL,2,2019,ED,1336,715,488,67
IL,2,2019,HOSP,514,203,94,88
IL,3,2019,ED,1540,788,568,76
IL,3,2019,HOSP,553,201,112,115
IL,4,2019,ED,1537,857,584,77
IL,4,2019,HOSP,523,197,105,101
IL,5,2019,ED,1814,1002,695,96
IL,5,2019,HOSP,613,241,115,119
IL,6,2019,ED,1745,1012,676,87
IL,6,2019,HOSP,529,193,109,115
IL,7,2019,ED,1848,1139,744,71
IL,7,2019,HOSP,611,221,128,119
IL,8,2019,ED,1921,1143,755,91
IL,8,2019,HOSP,568,219,125,104
IL,9,2019,ED,1841,1083,744,69
IL,9,2019,HOSP,568,216,118,118
IL,10,2019,ED,1702,971,663,81
IL,10,2019,HOSP,582,214,106,132
IL,11,2019,ED,1614,940,684,52
IL,11,2019,HOSP,565,205,103,104
IL,12,2019,ED,1795,1077,735,81
IL,12,2019,HOSP,527,200,103,100
IL,1,2020,ED,1846,1150,853,64
IL,1,2020,HOSP,609,270,152,116
IL,2,2020,ED,2016,1252,949,65
IL,2,2020,HOSP,569,232,128,104
IL,3,2020,ED,1882,1229,931,75
IL,3,2020,HOSP,546,233,147,98
IL,4,2020,ED,1667,1093,789,70
IL,4,2020,HOSP,415,191,99,74
IL,5,2020,ED,2147,1480,1082,77
IL,5,2020,HOSP,494,221,140,96
IL,6,2020,ED,2030,1364,1019,62
IL,6,2020,HOSP,540,238,122,97
IL,7,2020,ED,2396,1633,1337,73
IL,7,2020,HOSP,590,276,144,95
IL,8,2020,ED,2144,1385,1098,75
IL,8,2020,HOSP,565,239,134,81
IL,9,2020,ED,2068,1428,1152,69
IL,9,2020,HOSP,511,217,120,79
IL,10,2020,ED,1700,1012,802,62
IL,10,2020,HOSP,464,170,80,77
IL,11,2020,ED,1605,915,720,40
IL,11,2020,HOSP,407,159,85,78
IL,12,2020,ED,1568,937,740,68
IL,12,2020,HOSP,493,186,110,82
IL,1,2021,ED,1446,785,598,73
IL,1,2021,HOSP,410,146,83,85
IL,2,2021,ED,1232,695,522,57
IL,2,2021,HOSP,416,162,89,75
IL,3,2021,ED,1848,1066,830,82
IL,3,2021,HOSP,532,184,91,115
IL,4,2021,ED,1893,1079,808,88
IL,4,2021,HOSP,503,228,136,101
IL,5,2021,ED,2020,1194,911,70
IL,5,2021,HOSP,531,216,121,115
IL,6,2021,ED,2078,1351,1073,85
IL,6,2021,HOSP,572,232,136,111
IL,7,2021,ED,2353,1536,1222,79
IL,7,2021,HOSP,549,214,129,125
IL,8,2021,ED,1962,1227,932,98
IL,8,2021,HOSP,526,219,125,101
IL,9,2021,ED,1815,1100,842,75
IL,9,2021,HOSP,491,190,108,98
IL,10,2021,ED,1765,1085,814,75
IL,10,2021,HOSP,487,182,96,117
IL,11,2021,ED,1813,1151,913,70
IL,11,2021,HOSP,473,189,113,94
IL,12,2021,ED,1601,1025,800,61
IL,12,2021,HOSP,445,199,121,87
IL,1,2022,ED,1459,904,681,70
IL,1,2022,HOSP,393,171,106,77
IL,2,2022,ED,1434,899,686,64
IL,2,2022,HOSP,446,170,83,84
IL,3,2022,ED,1700,1031,790,78
IL,3,2022,HOSP,510,202,105,119
IL,4,2022,ED,1732,1065,815,88
IL,4,2022,HOSP,475,209,124,99
IL,5,2022,ED,1705,1020,769,68
IL,5,2022,HOSP,467,208,124,102
IL,6,2022,ED,1629,968,719,63
IL,6,2022,HOSP,522,187,91,110
IL,7,2022,ED,1756,1107,812,72
IL,7,2022,HOSP,434,164,83,86
IL,8,2022,ED,1825,1148,850,73
IL,8,2022,HOSP,444,177,106,73
IL,9,2022,ED,1671,1046,784,84
IL,9,2022,HOSP,435,162,89,86
IL,10,2022,ED,1732,1011,675,71
IL,10,2022,HOSP,420,173,88,78
IL,11,2022,ED,1647,944,640,76
IL,11,2022,HOSP,462,181,85,91
IL,12,2022,ED,1530,907,618,66
IL,12,2022,HOSP,453,168,83,79
IN,1,2018,ED,1004,464,300,55
IN,1,2018,HOSP,307,112,36,42
IN,2,2018,ED,939,413,288,83
IN,2,2018,HOSP,293,106,28,38
IN,3,2018,ED,1051,481,335,84
IN,3,2018,HOSP,339,130,37,61
IN,4,2018,ED,1001,430,295,72
IN,4,2018,HOSP,327,117,28,46
IN,5,2018,ED,1192,504,335,79
IN,5,2018,HOSP,381,142,46,59
IN,6,2018,ED,1144,548,363,84
IN,6,2018,HOSP,359,118,44,75
IN,7,2018,ED,1084,485,302,79
IN,7,2018,HOSP,335,114,32,53
IN,8,2018,ED,1104,458,305,79
IN,8,2018,HOSP,326,109,36,72
IN,9,2018,ED,1056,463,297,59
IN,9,2018,HOSP,335,121,40,62
IN,10,2018,ED,1135,510,335,69
IN,10,2018,HOSP,317,109,31,42
IN,11,2018,ED,889,377,242,65
IN,11,2018,HOSP,331,129,33,48
IN,12,2018,ED,923,383,220,57
IN,12,2018,HOSP,316,106,28,45
IN,1,2019,ED,782,298,194,56
IN,1,2019,HOSP,260,81,30,37
IN,2,2019,ED,770,308,207,57
IN,2,2019,HOSP,279,83,29,48
IN,3,2019,ED,875,387,244,60
IN,3,2019,HOSP,264,102,38,41
IN,4,2019,ED,852,349,204,61
IN,4,2019,HOSP,313,107,25,55
IN,5,2019,ED,1041,445,258,74
IN,5,2019,HOSP,316,111,31,57
IN,6,2019,ED,981,440,274,47
IN,6,2019,HOSP,280,88,19,43
IN,7,2019,ED,1045,480,306,59
IN,7,2019,HOSP,337,126,37,72
IN,8,2019,ED,1073,499,300,73
IN,8,2019,HOSP,344,105,35,72
IN,9,2019,ED,1016,440,272,69
IN,9,2019,HOSP,315,115,26,54
IN,10,2019,ED,1041,467,291,64
IN,10,2019,HOSP,285,106,36,47
IN,11,2019,ED,963,413,261,45
IN,11,2019,HOSP,276,98,40,41
IN,12,2019,ED,989,459,283,53
IN,12,2019,HOSP,306,108,40,50
IN,1,2020,ED,1033,475,293,58
IN,1,2020,HOSP,308,124,51,45
IN,2,2020,ED,1021,493,300,45
IN,2,2020,HOSP,269,92,29,53
IN,3,2020,ED,1020,533,318,50
IN,3,2020,HOSP,281,107,48,62
IN,4,2020,ED,943,551,334,54
IN,4,2020,HOSP,227,89,26,52
IN,5,2020,ED,1307,753,436,52
IN,5,2020,HOSP,352,141,58,60
IN,6,2020,ED,1349,755,441,67
IN,6,2020,HOSP,346,134,34,49
IN,7,2020,ED,1378,769,446,89
IN,7,2020,HOSP,347,130,36,59
IN,8,2020,ED,1255,652,385,69
IN,8,2020,HOSP,353,141,44,71
IN,9,2020,ED,1193,656,356,49
IN,9,2020,HOSP,332,113,40,54
IN,10,2020,ED,1142,572,314,67
IN,10,2020,HOSP,281,110,31,35
IN,11,2020,ED,1042,543,302,44
IN,11,2020,HOSP,271,104,33,43
IN,12,2020,ED,1062,559,320,50
IN,12,2020,HOSP,250,106,30,52
IN,1,2021,ED,1095,571,323,43
IN,1,2021,HOSP,259,84,36,53
IN,2,2021,ED,941,452,254,54
IN,2,2021,HOSP,253,96,33,48
IN,3,2021,ED,1238,632,327,59
IN,3,2021,HOSP,315,134,45,75
IN,4,2021,ED,1204,623,273,60
IN,4,2021,HOSP,363,146,40,76
IN,5,2021,ED,1244,613,274,56
IN,5,2021,HOSP,344,133,38,91
IN,6,2021,ED,1248,653,303,61
IN,6,2021,HOSP,339,104,32,72
IN,7,2021,ED,1384,738,358,63
IN,7,2021,HOSP,339,105,23,80
IN,8,2021,ED,1441,767,349,66
IN,8,2021,HOSP,317,108,36,82
IN,9,2021,ED,1292,724,312,56
IN,9,2021,HOSP,248,92,18,52
IN,10,2021,ED,1377,700,306,70
IN,10,2021,HOSP,246,85,24,48
IN,11,2021,ED,1130,590,245,45
IN,11,2021,HOSP,268,95,22,47
IN,12,2021,ED,1154,638,258,57
IN,12,2021,HOSP,270,108,30,47
IN,1,2022,ED,1010,505,191,47
IN,1,2022,HOSP,251,77,15,47
IN,2,2022,ED,1045,564,235,43
IN,2,2022,HOSP,235,90,16,47
IN,3,2022,ED,1150,565,227,56
IN,3,2022,HOSP,312,115,24,62
IN,4,2022,ED,1186,570,231,57
IN,4,2022,HOSP,237,91,15,62
IN,5,2022,ED,1233,596,227,73
IN,5,2022,HOSP,294,120,29,60
IN,6,2022,ED,1175,580,212,70
IN,6,2022,HOSP,284,122,25,61
IN,7,2022,ED,1288,651,240,56
IN,7,2022,HOSP,292,107,30,53
IN,8,2022,ED,1233,586,204,73
IN,8,2022,HOSP,285,128,25,58
IN,9,2022,ED,1169,612,203,58
IN,9,2022,HOSP,306,115,22,63
IN,10,2022,ED,1195,570,181,66
IN,10,2022,HOSP,262,95,17,55
IN,11,2022,ED,1069,462,130,55
IN,11,2022,HOSP,254,100,23,49
IN,12,2022,ED,971,473,124,51
IN,12,2022,HOSP,249,79,18,42
KS,1,2018,ED,206,25,0,15
KS,1,2018,HOSP,120,43,0,11
KS,2,2018,ED,189,28,0,15
KS,2,2018,HOSP,135,41,0,17
KS,3,2018,ED,226,47,13,13
KS,3,2018,HOSP,146,50,10,25
KS,4,2018,ED,213,27,0,13
KS,4,2018,HOSP,125,37,0,17
KS,5,2018,ED,196,38,11,19
KS,5,2018,HOSP,131,39,0,27
KS,6,2018,ED,210,32,0,20
KS,6,2018,HOSP,152,44,12,26
KS,7,2018,ED,228,42,10,13
KS,7,2018,HOSP,137,44,0,25
KS,8,2018,ED,225,39,0,16
KS,8,2018,HOSP,144,40,0,32
KS,9,2018,ED,186,40,12,11
KS,9,2018,HOSP,129,46,0,16
KS,10,2018,ED,204,38,15,15
KS,10,2018,HOSP,150,36,0,24
KS,11,2018,ED,183,27,0,0
KS,11,2018,HOSP,128,30,0,17
KS,12,2018,ED,202,37,12,17
KS,12,2018,HOSP,120,34,0,19
KS,1,2019,ED,173,25,10,0
KS,1,2019,HOSP,152,38,0,32
KS,2,2019,ED,179,34,0,11
KS,2,2019,HOSP,124,32,0,25
KS,3,2019,ED,219,43,12,17
KS,3,2019,HOSP,133,37,0,28
KS,4,2019,ED,189,34,11,14
KS,4,2019,HOSP,147,48,0,21
KS,5,2019,ED,238,47,13,16
KS,5,2019,HOSP,152,37,0,24
KS,6,2019,ED,227,39,10,15
KS,6,2019,HOSP,144,43,11,29
KS,7,2019,ED,222,46,0,0
KS,7,2019,HOSP,150,48,0,30
KS,8,2019,ED,223,36,0,20
KS,8,2019,HOSP,120,38,0,20
KS,9,2019,ED,220,45,10,11
KS,9,2019,HOSP,139,41,0,24
KS,10,2019,ED,197,42,0,12
KS,10,2019,HOSP,148,53,0,28
KS,11,2019,ED,201,36,0,0
KS,11,2019,HOSP,102,30,0,14
KS,12,2019,ED,218,49,13,0
KS,12,2019,HOSP,133,32,0,24
KS,1,2020,ED,213,50,13,14
KS,1,2020,HOSP,151,44,0,22
KS,2,2020,ED,203,50,13,10
KS,2,2020,HOSP,114,38,0,24
KS,3,2020,ED,186,43,0,0
KS,3,2020,HOSP,121,38,0,18
KS,4,2020,ED,161,49,10,0
KS,4,2020,HOSP,112,28,0,23
KS,5,2020,ED,222,56,14,22
KS,5,2020,HOSP,132,48,10,25
KS,6,2020,ED,224,70,0,13
KS,6,2020,HOSP,153,49,0,29
KS,7,2020,ED,243,72,11,14
KS,7,2020,HOSP,165,51,0,29
KS,8,2020,ED,223,58,11,0
KS,8,2020,HOSP,120,34,0,21
KS,9,2020,ED,213,36,0,0
KS,9,2020,HOSP,126,46,0,17
KS,10,2020,ED,207,55,0,15
KS,10,2020,HOSP,147,37,0,23
KS,11,2020,ED,196,44,0,0
KS,11,2020,HOSP,103,33,0,11
KS,12,2020,ED,260,100,29,12
KS,12,2020,HOSP,111,46,0,16
KS,1,2021,ED,223,65,0,11
KS,1,2021,HOSP,110,41,0,21
KS,2,2021,ED,203,57,15,17
KS,2,2021,HOSP,122,43,0,11
KS,3,2021,ED,246,86,18,15
KS,3,2021,HOSP,157,52,0,37
KS,4,2021,ED,243,73,13,16
KS,4,2021,HOSP,155,52,0,34
KS,5,2021,ED,247,74,12,11
KS,5,2021,HOSP,147,50,0,21
KS,6,2021,ED,258,83,22,14
KS,6,2021,HOSP,124,39,0,21
KS,7,2021,ED,284,89,18,26
KS,7,2021,HOSP,151,48,0,36
KS,8,2021,ED,296,110,32,17
KS,8,2021,HOSP,137,49,0,32
KS,9,2021,ED,310,131,32,11
KS,9,2021,HOSP,140,45,0,32
KS,10,2021,ED,245,81,20,14
KS,10,2021,HOSP,122,51,0,20
KS,11,2021,ED,216,79,16,0
KS,11,2021,HOSP,109,34,0,22
KS,12,2021,ED,242,96,19,10
KS,12,2021,HOSP,97,37,0,19
KS,1,2022,ED,212,91,13,14
KS,1,2022,HOSP,90,26,0,13
KS,2,2022,ED,219,81,12,10
KS,2,2022,HOSP,96,28,0,21
KS,3,2022,ED,252,97,13,13
KS,3,2022,HOSP,119,34,0,30
KS,4,2022,ED,241,99,11,11
KS,4,2022,HOSP,110,43,0,18
KS,5,2022,ED,279,86,0,22
KS,5,2022,HOSP,113,46,0,17
KS,6,2022,ED,221,79,11,10
KS,6,2022,HOSP,107,40,0,16
KS,7,2022,ED,296,97,14,0
KS,7,2022,HOSP,97,36,0,20
KS,8,2022,ED,263,92,0,14
KS,8,2022,HOSP,107,50,0,19
KS,9,2022,ED,278,92,0,22
KS,9,2022,HOSP,128,53,0,26
KS,10,2022,ED,236,90,0,11
KS,10,2022,HOSP,118,45,0,15
KS,11,2022,ED,233,80,0,0
KS,11,2022,HOSP,112,46,0,13
KS,12,2022,ED,220,85,0,0
KS,12,2022,HOSP,91,41,0,11
KY,1,2018,ED,784,407,298,47
KY,1,2018,HOSP,257,95,28,27
KY,2,2018,ED,808,424,314,47
KY,2,2018,HOSP,287,111,30,54
KY,3,2018,ED,848,461,345,70
KY,3,2018,HOSP,309,125,34,55
KY,4,2018,ED,776,397,270,57
KY,4,2018,HOSP,277,93,25,46
KY,5,2018,ED,898,474,347,53
KY,5,2018,HOSP,301,125,29,60
KY,6,2018,ED,868,476,342,85
KY,6,2018,HOSP,331,96,19,64
KY,7,2018,ED,913,477,359,86
KY,7,2018,HOSP,319,122,36,73
KY,8,2018,ED,998,536,389,95
KY,8,2018,HOSP,272,104,22,60
KY,9,2018,ED,896,466,332,64
KY,9,2018,HOSP,248,87,29,46
KY,10,2018,ED,833,410,288,67
KY,10,2018,HOSP,249,90,26,43
KY,11,2018,ED,742,320,224,66
KY,11,2018,HOSP,245,86,26,60
KY,12,2018,ED,748,361,261,56
KY,12,2018,HOSP,238,90,22,38
KY,1,2019,ED,750,376,257,64
KY,1,2019,HOSP,256,81,27,52
KY,2,2019,ED,703,362,242,51
KY,2,2019,HOSP,209,64,18,32
KY,3,2019,ED,784,386,261,50
KY,3,2019,HOSP,234,96,21,39
KY,4,2019,ED,793,411,292,61
KY,4,2019,HOSP,234,86,28,43
KY,5,2019,ED,876,483,344,65
KY,5,2019,HOSP,266,103,32,56
KY,6,2019,ED,815,422,282,55
KY,6,2019,HOSP,225,79,24,40
KY,7,2019,ED,886,454,310,64
KY,7,2019,HOSP,260,96,29,53
KY,8,2019,ED,885,463,321,66
KY,8,2019,HOSP,265,100,30,56
KY,9,2019,ED,849,425,278,52
KY,9,2019,HOSP,254,99,34,48
KY,10,2019,ED,796,405,253,47
KY,10,2019,HOSP,252,90,25,45
KY,11,2019,ED,781,407,278,56
KY,11,2019,HOSP,248,96,31,49
KY,12,2019,ED,808,428,307,52
KY,12,2019,HOSP,229,78,22,51
KY,1,2020,ED,786,402,254,55
KY,1,2020,HOSP,209,70,22,35
KY,2,2020,ED,700,360,240,45
KY,2,2020,HOSP,185,59,16,30
KY,3,2020,ED,774,419,259,60
KY,3,2020,HOSP,240,80,30,50
KY,4,2020,ED,883,561,365,56
KY,4,2020,HOSP,228,101,39,43
KY,5,2020,ED,1243,818,505,62
KY,5,2020,HOSP,335,158,56,63
KY,6,2020,ED,1016,641,383,61
KY,6,2020,HOSP,286,118,29,48
KY,7,2020,ED,1094,634,367,79
KY,7,2020,HOSP,323,156,48,63
KY,8,2020,ED,1111,637,376,65
KY,8,2020,HOSP,273,110,31,51
KY,9,2020,ED,1010,565,338,72
KY,9,2020,HOSP,249,99,38,51
KY,10,2020,ED,916,497,278,45
KY,10,2020,HOSP,257,87,21,42
KY,11,2020,ED,882,476,285,59
KY,11,2020,HOSP,230,82,23,40
KY,12,2020,ED,837,429,244,45
KY,12,2020,HOSP,221,91,24,35
KY,1,2021,ED,948,494,267,53
KY,1,2021,HOSP,221,87,26,48
KY,2,2021,ED,735,379,183,32
KY,2,2021,HOSP,202,73,21,36
KY,3,2021,ED,1003,548,280,68
KY,3,2021,HOSP,268,100,33,55
KY,4,2021,ED,1064,535,266,81
KY,4,2021,HOSP,323,131,50,85
KY,5,2021,ED,1059,540,278,66
KY,5,2021,HOSP,283,93,20,59
KY,6,2021,ED,1062,576,301,65
KY,6,2021,HOSP,302,111,35,57
KY,7,2021,ED,1126,614,307,70
KY,7,2021,HOSP,293,115,32,66
KY,8,2021,ED,999,556,266,54
KY,8,2021,HOSP,226,101,35,45
KY,9,2021,ED,869,493,208,47
KY,9,2021,HOSP,209,76,28,32
KY,10,2021,ED,818,411,194,46
KY,10,2021,HOSP,235,76,22,39
KY,11,2021,ED,827,416,176,42
KY,11,2021,HOSP,201,77,22,40
KY,12,2021,ED,795,416,170,34
KY,12,2021,HOSP,206,93,15,26
KY,1,2022,ED,690,342,133,39
KY,1,2022,HOSP,203,82,17,33
KY,2,2022,ED,691,354,132,28
KY,2,2022,HOSP,200,68,14,29
KY,3,2022,ED,860,427,157,59
KY,3,2022,HOSP,197,67,15,41
KY,4,2022,ED,717,365,130,47
KY,4,2022,HOSP,248,109,26,60
KY,5,2022,ED,872,450,186,61
KY,5,2022,HOSP,210,81,17,40
KY,6,2022,ED,839,457,178,38
KY,6,2022,HOSP,216,88,24,51
KY,7,2022,ED,920,490,196,53
KY,7,2022,HOSP,248,97,25,55
KY,8,2022,ED,951,474,160,46
KY,8,2022,HOSP,238,89,18,50
KY,9,2022,ED,888,437,161,55
KY,9,2022,HOSP,231,82,21,47
KY,10,2022,ED,770,368,125,41
KY,10,2022,HOSP,225,92,21,32
KY,11,2022,ED,773,355,108,52
KY,11,2022,HOSP,208,89,16,36
KY,12,2022,ED,773,377,113,50
KY,12,2022,HOSP,212,71,14,36
MI,1,2018,ED,1348,676,522,44
MI,2,2018,ED,1162,582,419,39
MI,3,2018,ED,1368,715,521,43
MI,4,2018,ED,1278,644,475,57
MI,5,2018,ED,1429,735,556,68
MI,6,2018,ED,1381,660,482,60
MI,7,2018,ED,1557,743,541,67
MI,8,2018,ED,1462,753,538,64
MI,9,2018,ED,1387,713,496,58
MI,10,2018,ED,1378,651,466,70
MI,11,2018,ED,1273,598,413,54
MI,12,2018,ED,1251,603,437,53
MI,1,2019,ED,1067,499,345,43
MI,2,2019,ED,1083,511,336,68
MI,3,2019,ED,1216,573,422,65
MI,4,2019,ED,1153,528,377,38
MI,5,2019,ED,1223,555,371,72
MI,6,2019,ED,1195,594,430,42
MI,7,2019,ED,1477,668,458,78
MI,8,2019,ED,1394,655,416,101
MI,9,2019,ED,1359,632,417,87
MI,10,2019,ED,1375,648,424,68
MI,11,2019,ED,1256,606,410,72
MI,12,2019,ED,1249,572,380,89
MI,1,2020,ED,1110,496,334,54
MI,2,2020,ED,1088,521,365,58
MI,3,2020,ED,1080,560,374,58
MI,4,2020,ED,852,486,341,53
MI,5,2020,ED,1258,696,494,59
MI,6,2020,ED,1355,715,473,73
MI,7,2020,ED,1635,799,537,130
MI,8,2020,ED,1442,663,421,103
MI,9,2020,ED,1401,649,410,84
MI,10,2020,ED,1181,553,368,52
MI,11,2020,ED,1036,485,308,57
MI,12,2020,ED,1067,511,321,45
MI,1,2021,ED,1224,543,344,81
MI,2,2021,ED,1101,463,307,75
MI,3,2021,ED,1350,624,384,98
MI,4,2021,ED,1435,685,402,99
MI,5,2021,ED,1427,654,387,106
MI,6,2021,ED,1407,639,369,81
MI,7,2021,ED,1593,706,392,118
MI,8,2021,ED,1466,674,388,119
MI,9,2021,ED,1312,617,352,88
MI,10,2021,ED,1292,615,329,108
MI,11,2021,ED,1090,520,281,76
MI,12,2021,ED,1048,518,277,75
MI,1,2022,ED,1029,480,243,56
MI,2,2022,ED,1040,476,232,73
MI,3,2022,ED,1249,599,309,92
MI,4,2022,ED,1151,524,253,94
MI,5,2022,ED,1305,629,313,108
MI,6,2022,ED,1206,559,235,91
MI,7,2022,ED,1259,581,255,98
MI,8,2022,ED,1263,596,277,106
MI,9,2022,ED,1183,531,238,95
MI,10,2022,ED,1249,492,230,104
MI,11,2022,ED,1130,477,200,75
MI,12,2022,ED,1127,467,182,86
MN,1,2018,ED,427,124,78,34
MN,1,2018,HOSP,162,46,19,21
MN,2,2018,ED,422,142,87,22
MN,2,2018,HOSP,161,57,14,27
MN,3,2018,ED,425,119,76,30
MN,3,2018,HOSP,215,59,17,45
MN,4,2018,ED,445,146,86,26
MN,4,2018,HOSP,196,55,24,30
MN,5,2018,ED,430,138,81,37
MN,5,2018,HOSP,221,65,20,42
MN,6,2018,ED,381,94,63,22
MN,6,2018,HOSP,201,53,16,40
MN,7,2018,ED,435,123,75,27
MN,7,2018,HOSP,242,70,21,47
MN,8,2018,ED,473,150,89,33
MN,8,2018,HOSP,208,54,18,51
MN,9,2018,ED,491,175,104,30
MN,9,2018,HOSP,226,53,13,59
MN,10,2018,ED,460,134,83,21
MN,10,2018,HOSP,192,58,20,28
MN,11,2018,ED,423,158,99,23
MN,11,2018,HOSP,189,65,21,40
MN,12,2018,ED,486,225,127,26
MN,12,2018,HOSP,215,82,30,36
MN,1,2019,ED,527,215,140,26
MN,1,2019,HOSP,179,48,18,41
MN,2,2019,ED,379,145,88,33
MN,2,2019,HOSP,187,48,18,43
MN,3,2019,ED,527,217,121,31
MN,3,2019,HOSP,241,78,31,59
MN,4,2019,ED,544,201,118,43
MN,4,2019,HOSP,211,56,17,41
MN,5,2019,ED,542,214,132,40
MN,5,2019,HOSP,219,61,21,48
MN,6,2019,ED,576,253,150,29
MN,6,2019,HOSP,224,76,30,41
MN,7,2019,ED,618,268,141,33
MN,7,2019,HOSP,230,73,24,47
MN,8,2019,ED,571,229,113,42
MN,8,2019,HOSP,228,64,22,54
MN,9,2019,ED,549,225,120,34
MN,9,2019,HOSP,219,60,22,45
MN,10,2019,ED,516,183,102,32
MN,10,2019,HOSP,205,53,14,46
MN,11,2019,ED,472,207,80,32
MN,11,2019,HOSP,193,54,15,36
MN,12,2019,ED,489,208,100,42
MN,12,2019,HOSP,214,63,15,51
MN,1,2020,ED,529,228,92,39
MN,1,2020,HOSP,183,47,12,41
MN,2,2020,ED,598,271,140,44
MN,2,2020,HOSP,202,61,26,42
MN,3,2020,ED,598,297,141,22
MN,3,2020,HOSP,244,79,32,58
MN,4,2020,ED,535,299,144,34
MN,4,2020,HOSP,194,63,11,49
MN,5,2020,ED,703,379,152,36
MN,5,2020,HOSP,215,78,24,41
MN,6,2020,ED,613,322,127,31
MN,6,2020,HOSP,242,92,28,45
MN,7,2020,ED,694,379,135,32
MN,7,2020,HOSP,247,77,23,47
MN,8,2020,ED,731,414,164,41
MN,8,2020,HOSP,232,78,16,59
MN,9,2020,ED,638,329,129,34
MN,9,2020,HOSP,170,56,17,41
MN,10,2020,ED,660,338,143,36
MN,10,2020,HOSP,211,66,14,44
MN,11,2020,ED,601,317,104,38
MN,11,2020,HOSP,152,45,12,21
MN,12,2020,ED,622,291,105,30
MN,12,2020,HOSP,176,54,10,36
MN,1,2021,ED,607,299,109,37
MN,1,2021,HOSP,205,66,18,44
MN,2,2021,ED,586,314,120,27
MN,2,2021,HOSP,207,61,19,43
MN,3,2021,ED,662,337,117,55
MN,3,2021,HOSP,219,63,15,56
MN,4,2021,ED,649,340,110,30
MN,4,2021,HOSP,225,84,29,48
MN,5,2021,ED,685,324,103,49
MN,5,2021,HOSP,202,66,15,46
MN,6,2021,ED,669,345,131,38
MN,6,2021,HOSP,220,89,22,47
MN,7,2021,ED,702,355,126,45
MN,7,2021,HOSP,217,82,25,42
MN,8,2021,ED,708,332,88,43
MN,8,2021,HOSP,205,79,14,44
MN,9,2021,ED,723,405,117,42
MN,9,2021,HOSP,190,72,12,37
MN,10,2021,ED,702,375,109,30
MN,10,2021,HOSP,185,67,13,38
MN,11,2021,ED,609,303,78,38
MN,11,2021,HOSP,171,55,0,32
MN,12,2021,ED,659,353,95,34
MN,12,2021,HOSP,142,44,0,25
MN,1,2022,ED,561,259,68,24
MN,1,2022,HOSP,109,31,0,16
MN,2,2022,ED,567,286,63,27
MN,2,2022,HOSP,155,47,0,30
MN,3,2022,ED,652,295,61,41
MN,3,2022,HOSP,199,76,0,42
MN,4,2022,ED,597,296,56,34
MN,4,2022,HOSP,170,50,0,33
MN,5,2022,ED,711,376,85,32
MN,5,2022,HOSP,183,63,10,44
MN,6,2022,ED,637,337,61,31
MN,6,2022,HOSP,185,62,10,48
MN,7,2022,ED,795,403,71,38
MN,7,2022,HOSP,188,63,11,40
MN,8,2022,ED,716,376,44,44
MN,8,2022,HOSP,176,62,0,36
MN,9,2022,ED,642,325,43,33
MN,9,2022,HOSP,159,65,0,24
MN,10,2022,ED,631,331,33,29
MN,10,2022,HOSP,139,67,0,22
MN,11,2022,ED,565,278,35,19
MN,11,2022,HOSP,152,58,0,25
MN,12,2022,ED,552,281,30,24
MN,12,2022,HOSP,163,61,0,31
MO,1,2018,ED,509,224,151,20
MO,1,2018,HOSP,225,95,32,20
MO,2,2018,ED,477,223,153,20
MO,2,2018,HOSP,197,68,23,25
MO,3,2018,ED,615,347,240,20
MO,3,2018,HOSP,273,105,31,44
MO,4,2018,ED,578,282,180,20
MO,4,2018,HOSP,228,77,23,41
MO,5,2018,ED,594,303,194,25
MO,5,2018,HOSP,245,81,24,40
MO,6,2018,ED,595,324,234,17
MO,6,2018,HOSP,222,64,27,58
MO,7,2018,ED,594,295,199,23
MO,7,2018,HOSP,249,79,24,52
MO,8,2018,ED,635,334,219,25
MO,8,2018,HOSP,238,89,36,39
MO,9,2018,ED,546,259,155,24
MO,9,2018,HOSP,202,65,15,43
MO,10,2018,ED,557,241,140,22
MO,10,2018,HOSP,223,61,19,41
MO,11,2018,ED,519,254,153,17
MO,11,2018,HOSP,214,67,21,36
MO,12,2018,ED,535,277,165,21
MO,12,2018,HOSP,201,67,21,34
MO,1,2019,ED,641,275,150,24
MO,1,2019,HOSP,331,105,24,75
MO,2,2019,ED,546,248,141,39
MO,2,2019,HOSP,314,93,22,70
MO,3,2019,ED,643,247,125,31
MO,3,2019,HOSP,338,100,22,66
MO,4,2019,ED,568,218,112,32
MO,4,2019,HOSP,317,99,22,67
MO,5,2019,ED,601,253,115,46
MO,5,2019,HOSP,348,115,18,89
MO,6,2019,ED,641,278,141,29
MO,6,2019,HOSP,355,120,29,72
MO,7,2019,ED,710,336,162,40
MO,7,2019,HOSP,346,117,30,105
MO,8,2019,ED,796,422,192,41
MO,8,2019,HOSP,355,119,34,89
MO,9,2019,ED,704,359,143,25
MO,9,2019,HOSP,344,109,25,82
MO,10,2019,ED,730,389,185,28
MO,10,2019,HOSP,384,137,39,86
MO,11,2019,ED,695,336,154,30
MO,11,2019,HOSP,348,118,13,86
MO,12,2019,ED,717,346,152,28
MO,12,2019,HOSP,334,112,26,80
MO,1,2020,ED,712,326,113,33
MO,1,2020,HOSP,314,121,19,67
MO,2,2020,ED,696,373,159,35
MO,2,2020,HOSP,304,113,21,77
MO,3,2020,ED,755,391,165,49
MO,3,2020,HOSP,313,104,22,71
MO,4,2020,ED,666,370,152,40
MO,4,2020,HOSP,264,107,28,68
MO,5,2020,ED,818,471,172,41
MO,5,2020,HOSP,347,134,37,85
MO,6,2020,ED,768,401,150,46
MO,6,2020,HOSP,324,116,16,73
MO,7,2020,ED,830,458,155,40
MO,7,2020,HOSP,349,113,21,82
MO,8,2020,ED,772,389,110,29
MO,8,2020,HOSP,321,128,25,66
MO,9,2020,ED,730,366,118,37
MO,9,2020,HOSP,307,108,15,74
MO,10,2020,ED,675,325,94,38
MO,10,2020,HOSP,316,115,18,60
MO,11,2020,ED,621,314,85,27
MO,11,2020,HOSP,281,103,18,70
MO,12,2020,ED,655,339,92,25
MO,12,2020,HOSP,259,94,13,62
MO,1,2021,ED,693,365,95,27
MO,1,2021,HOSP,283,107,17,68
MO,2,2021,ED,580,287,82,33
MO,2,2021,HOSP,259,110,18,55
MO,3,2021,ED,733,369,105,36
MO,3,2021,HOSP,338,155,29,86
MO,4,2021,ED,756,405,85,36
MO,4,2021,HOSP,360,139,19,81
MO,5,2021,ED,754,357,95,42
MO,5,2021,HOSP,302,111,18,73
MO,6,2021,ED,745,387,101,32
MO,6,2021,HOSP,305,116,20,77
MO,7,2021,ED,764,391,93,25
MO,7,2021,HOSP,297,117,25,74
MO,8,2021,ED,927,495,96,32
MO,8,2021,HOSP,311,124,24,68
MO,9,2021,ED,722,365,72,24
MO,9,2021,HOSP,312,117,16,89
MO,10,2021,ED,746,376,92,38
MO,10,2021,HOSP,285,111,16,76
MO,11,2021,ED,640,316,74,27
MO,11,2021,HOSP,260,103,0,62
MO,12,2021,ED,657,356,71,23
MO,12,2021,HOSP,245,100,14,49
MO,1,2022,ED,600,286,51,19
MO,1,2022,HOSP,227,83,0,46
MO,2,2022,ED,547,268,42,23
MO,2,2022,HOSP,250,88,0,52
MO,3,2022,ED,687,341,50,27
MO,3,2022,HOSP,286,113,10,73
MO,4,2022,ED,666,361,60,24
MO,4,2022,HOSP,294,129,12,65
MO,5,2022,ED,788,430,66,33
MO,5,2022,HOSP,301,127,13,66
MO,6,2022,ED,759,402,60,33
MO,6,2022,HOSP,304,122,10,77
MO,7,2022,ED,786,401,49,32
MO,7,2022,HOSP,287,112,0,88
MO,8,2022,ED,769,385,51,28
MO,8,2022,HOSP,292,112,12,73
MO,9,2022,ED,666,326,35,25
MO,9,2022,HOSP,286,91,0,65
MO,10,2022,ED,652,333,41,18
MO,10,2022,HOSP,273,122,11,38
MO,11,2022,ED,641,310,31,25
MO,11,2022,HOSP,250,116,10,43
MO,12,2022,ED,603,287,36,31
MO,12,2022,HOSP,239,94,0,38
MS,1,2018,ED,287,65,28,18
MS,1,2018,HOSP,146,42,0,23
MS,2,2018,ED,251,40,10,19
MS,2,2018,HOSP,143,45,0,25
MS,3,2018,ED,269,46,15,26
MS,3,2018,HOSP,148,42,0,22
MS,4,2018,ED,276,42,15,31
MS,4,2018,HOSP,150,43,0,21
MS,5,2018,ED,270,51,12,19
MS,5,2018,HOSP,160,44,0,32
MS,6,2018,ED,251,46,22,34
MS,6,2018,HOSP,140,34,0,20
MS,7,2018,ED,275,48,23,15
MS,7,2018,HOSP,158,43,0,25
MS,8,2018,ED,266,42,17,25
MS,8,2018,HOSP,145,50,0,24
MS,9,2018,ED,250,41,20,26
MS,9,2018,HOSP,128,32,0,15
MS,10,2018,ED,263,59,21,26
MS,10,2018,HOSP,129,35,0,25
MS,11,2018,ED,281,49,20,18
MS,11,2018,HOSP,130,39,0,28
MS,12,2018,ED,252,44,15,23
MS,12,2018,HOSP,135,33,0,30
MS,1,2019,ED,252,53,19,26
MS,1,2019,HOSP,137,37,0,27
MS,2,2019,ED,255,36,10,26
MS,2,2019,HOSP,120,42,0,23
MS,3,2019,ED,264,48,14,28
MS,3,2019,HOSP,156,52,0,27
MS,4,2019,ED,283,44,19,20
MS,4,2019,HOSP,133,41,0,22
MS,5,2019,ED,280,55,26,25
MS,5,2019,HOSP,146,41,0,39
MS,6,2019,ED,230,47,16,21
MS,6,2019,HOSP,132,39,0,22
MS,7,2019,ED,254,61,27,20
MS,7,2019,HOSP,137,39,0,30
MS,8,2019,ED,295,53,18,46
MS,8,2019,HOSP,143,34,0,27
MS,9,2019,ED,321,77,31,31
MS,9,2019,HOSP,126,48,0,28
MS,10,2019,ED,283,46,17,34
MS,10,2019,HOSP,130,25,0,26
MS,11,2019,ED,254,68,34,15
MS,11,2019,HOSP,135,50,0,19
MS,12,2019,ED,269,73,23,19
MS,12,2019,HOSP,108,41,0,20
MS,1,2020,ED,272,66,35,23
MS,1,2020,HOSP,136,51,17,22
MS,2,2020,ED,313,98,57,20
MS,2,2020,HOSP,97,38,0,15
MS,3,2020,ED,280,105,51,18
MS,3,2020,HOSP,120,38,11,28
MS,4,2020,ED,241,79,32,23
MS,4,2020,HOSP,101,32,0,22
MS,5,2020,ED,290,94,55,34
MS,5,2020,HOSP,143,52,12,24
MS,6,2020,ED,342,127,57,32
MS,6,2020,HOSP,151,54,12,29
MS,7,2020,ED,350,109,49,24
MS,7,2020,HOSP,145,48,0,23
MS,8,2020,ED,333,106,39,26
MS,8,2020,HOSP,133,44,0,39
MS,9,2020,ED,311,84,32,28
MS,9,2020,HOSP,135,51,0,27
MS,10,2020,ED,333,104,45,26
MS,10,2020,HOSP,122,39,0,28
MS,11,2020,ED,324,97,38,33
MS,11,2020,HOSP,98,36,0,10
MS,12,2020,ED,286,98,57,21
MS,12,2020,HOSP,80,33,0,16
MS,1,2021,ED,329,124,56,25
MS,1,2021,HOSP,108,31,0,23
MS,2,2021,ED,301,98,36,28
MS,2,2021,HOSP,105,38,0,18
MS,3,2021,ED,399,125,48,36
MS,3,2021,HOSP,149,49,10,25
MS,4,2021,ED,390,128,39,38
MS,4,2021,HOSP,155,56,0,37
MS,5,2021,ED,401,116,47,39
MS,5,2021,HOSP,149,43,0,24
MS,6,2021,ED,368,123,46,42
MS,6,2021,HOSP,157,47,0,27
MS,7,2021,ED,413,150,41,43
MS,7,2021,HOSP,152,55,13,27
MS,8,2021,ED,330,99,28,31
MS,8,2021,HOSP,96,29,0,16
MS,9,2021,ED,353,125,44,29
MS,9,2021,HOSP,133,56,0,23
MS,10,2021,ED,344,118,30,26
MS,10,2021,HOSP,131,33,0,39
MS,11,2021,ED,347,110,33,27
MS,11,2021,HOSP,137,38,0,39
MS,12,2021,ED,295,96,26,30
MS,12,2021,HOSP,121,50,0,26
MS,1,2022,ED,317,107,20,18
MS,1,2022,HOSP,102,30,0,18
MS,2,2022,ED,319,117,37,35
MS,2,2022,HOSP,106,35,0,25
MS,3,2022,ED,375,126,21,27
MS,3,2022,HOSP,130,52,0,29
MS,4,2022,ED,370,134,21,27
MS,4,2022,HOSP,109,35,0,27
MS,5,2022,ED,346,121,26,28
MS,5,2022,HOSP,133,35,0,36
MS,6,2022,ED,335,96,15,31
MS,6,2022,HOSP,142,43,0,29
MS,7,2022,ED,327,118,25,24
MS,7,2022,HOSP,109,40,0,20
MS,8,2022,ED,319,80,11,36
MS,8,2022,HOSP,126,40,0,30
MS,9,2022,ED,315,97,11,24
MS,9,2022,HOSP,129,49,0,26
MS,10,2022,ED,296,92,15,10
MS,10,2022,HOSP,117,39,0,18
MS,11,2022,ED,299,112,12,16
MS,11,2022,HOSP,116,38,0,21
MS,12,2022,ED,309,103,13,18
MS,12,2022,HOSP,113,47,0,19
NC,1,2018,HOSP,499,178,43,105
NC,2,2018,HOSP,511,169,47,100
NC,3,2018,HOSP,603,211,51,109
NC,4,2018,HOSP,571,197,54,124
NC,5,2018,HOSP,525,177,56,112
NC,6,2018,HOSP,588,175,43,124
NC,7,2018,HOSP,543,170,53,116
NC,8,2018,HOSP,648,226,72,131
NC,9,2018,HOSP,522,178,45,118
NC,10,2018,HOSP,586,210,61,117
NC,11,2018,HOSP,544,163,42,106
NC,12,2018,HOSP,522,179,46,115
NC,1,2019,HOSP,535,181,51,114
NC,2,2019,HOSP,489,155,46,92
NC,3,2019,HOSP,540,175,58,122
NC,4,2019,HOSP,559,183,59,124
NC,5,2019,HOSP,603,192,51,122
NC,6,2019,HOSP,583,214,67,122
NC,7,2019,HOSP,618,203,48,134
NC,8,2019,HOSP,584,209,69,122
NC,9,2019,HOSP,509,169,51,113
NC,10,2019,HOSP,556,180,39,135
NC,11,2019,HOSP,515,159,55,113
NC,12,2019,HOSP,560,188,44,125
NC,1,2020,HOSP,580,202,61,137
NC,2,2020,HOSP,490,182,62,94
NC,3,2020,HOSP,604,206,66,141
NC,4,2020,HOSP,502,180,58,141
NC,5,2020,HOSP,611,235,72,142
NC,6,2020,HOSP,608,228,64,160
NC,7,2020,HOSP,600,234,59,144
NC,8,2020,HOSP,605,218,57,137
NC,9,2020,HOSP,549,192,49,129
NC,10,2020,HOSP,561,211,51,121
NC,11,2020,HOSP,525,216,43,114
NC,12,2020,HOSP,482,160,33,89
NC,1,2021,HOSP,503,213,56,111
NC,2,2021,HOSP,484,180,47,111
NC,3,2021,HOSP,574,225,60,150
NC,4,2021,HOSP,614,227,60,167
NC,5,2021,HOSP,609,252,63,149
NC,6,2021,HOSP,613,228,58,181
NC,7,2021,HOSP,612,211,60,161
NC,8,2021,HOSP,613,220,40,135
NC,9,2021,HOSP,525,188,34,132
NC,10,2021,HOSP,552,188,39,151
NC,11,2021,HOSP,558,197,28,131
NC,12,2021,HOSP,561,215,38,147
NC,1,2022,HOSP,496,188,34,111
NC,2,2022,HOSP,542,218,32,133
NC,3,2022,HOSP,620,236,33,161
NC,4,2022,HOSP,576,210,37,166
NC,5,2022,HOSP,615,222,34,186
NC,6,2022,HOSP,567,220,22,156
NC,7,2022,HOSP,581,214,24,174
NC,8,2022,HOSP,607,236,22,159
NC,9,2022,HOSP,595,229,33,157
NC,10,2022,HOSP,367,131,0,119
NC,11,2022,HOSP,413,168,29,103
NC,12,2022,HOSP,410,143,12,105
NE,1,2018,ED,88,0,0,0
NE,1,2018,HOSP,64,16,0,12
NE,2,2018,ED,94,14,0,0
NE,2,2018,HOSP,63,23,0,0
NE,3,2018,ED,111,15,0,0
NE,3,2018,HOSP,60,20,0,0
NE,4,2018,ED,100,16,0,0
NE,4,2018,HOSP,62,19,0,0
NE,5,2018,ED,113,18,0,0
NE,5,2018,HOSP,77,19,0,14
NE,6,2018,ED,97,11,0,0
NE,6,2018,HOSP,65,20,0,0
NE,7,2018,ED,98,10,0,0
NE,7,2018,HOSP,55,17,0,0
NE,8,2018,ED,111,16,0,0
NE,8,2018,HOSP,59,15,0,0
NE,9,2018,ED,107,15,0,0
NE,9,2018,HOSP,58,16,0,10
NE,10,2018,ED,98,13,0,0
NE,10,2018,HOSP,55,12,0,10
NE,11,2018,ED,94,14,0,0
NE,11,2018,HOSP,60,16,0,0
NE,12,2018,ED,103,20,0,0
NE,12,2018,HOSP,61,19,0,0
NE,1,2019,ED,98,12,0,0
NE,1,2019,HOSP,44,0,0,0
NE,2,2019,ED,94,0,0,0
NE,2,2019,HOSP,42,14,0,0
NE,3,2019,ED,114,0,0,0
NE,3,2019,HOSP,51,12,0,0
NE,4,2019,ED,113,15,0,0
NE,4,2019,HOSP,52,16,0,0
NE,5,2019,ED,112,15,0,0
NE,5,2019,HOSP,61,17,0,0
NE,6,2019,ED,101,14,0,0
NE,6,2019,HOSP,51,16,0,0
NE,7,2019,ED,110,13,0,0
NE,7,2019,HOSP,64,20,0,0
NE,8,2019,ED,117,14,0,0
NE,8,2019,HOSP,52,12,0,0
NE,9,2019,ED,131,22,0,10
NE,9,2019,HOSP,33,11,0,0
NE,10,2019,ED,100,12,0,0
NE,10,2019,HOSP,60,17,0,0
NE,11,2019,ED,94,10,0,0
NE,11,2019,HOSP,48,14,0,10
NE,12,2019,ED,105,11,0,0
NE,12,2019,HOSP,51,13,0,0
NE,1,2020,ED,143,23,0,10
NE,1,2020,HOSP,51,14,0,0
NE,2,2020,ED,135,14,0,0
NE,2,2020,HOSP,58,0,0,0
NE,3,2020,ED,129,19,0,12
NE,3,2020,HOSP,63,19,0,0
NE,4,2020,ED,88,21,0,0
NE,4,2020,HOSP,52,10,0,0
NE,5,2020,ED,87,14,0,0
NE,5,2020,HOSP,49,22,0,0
NE,6,2020,ED,104,16,0,0
NE,6,2020,HOSP,41,10,0,0
NE,7,2020,ED,112,19,0,0
NE,7,2020,HOSP,33,0,0,0
NE,8,2020,ED,134,17,0,0
NE,8,2020,HOSP,52,16,0,0
NE,9,2020,ED,133,20,0,0
NE,9,2020,HOSP,59,12,0,0
NE,10,2020,ED,127,19,0,0
NE,10,2020,HOSP,41,14,0,0
NE,11,2020,ED,115,22,0,0
NE,11,2020,HOSP,44,14,0,0
NE,12,2020,ED,93,20,0,10
NE,12,2020,HOSP,42,11,0,0
NE,1,2021,ED,119,23,0,0
NE,1,2021,HOSP,44,14,0,0
NE,2,2021,ED,124,30,0,0
NE,2,2021,HOSP,45,17,0,0
NE,3,2021,ED,147,36,10,11
NE,3,2021,HOSP,60,17,0,13
NE,4,2021,ED,173,40,0,14
NE,4,2021,HOSP,60,18,0,0
NE,5,2021,ED,160,22,0,10
NE,5,2021,HOSP,43,16,0,0
NE,6,2021,ED,138,26,0,0
NE,6,2021,HOSP,61,19,0,0
NE,7,2021,ED,149,41,0,0
NE,7,2021,HOSP,54,14,0,12
NE,8,2021,ED,170,45,0,13
NE,8,2021,HOSP,65,19,0,11
NE,9,2021,ED,162,27,0,16
NE,9,2021,HOSP,59,19,0,12
NE,10,2021,ED,177,25,0,14
NE,10,2021,HOSP,50,16,0,0
NE,11,2021,ED,157,38,0,11
NE,11,2021,HOSP,41,11,0,10
NE,12,2021,ED,133,23,0,0
NE,12,2021,HOSP,42,13,0,0
NE,1,2022,ED,148,33,0,0
NE,1,2022,HOSP,33,0,0,0
NE,2,2022,ED,127,27,0,10
NE,2,2022,HOSP,46,15,0,10
NE,3,2022,ED,127,24,0,0
NE,3,2022,HOSP,64,15,0,12
NE,4,2022,ED,136,23,0,0
NE,4,2022,HOSP,47,15,0,10
NE,5,2022,ED,168,36,0,10
NE,5,2022,HOSP,50,13,0,0
NE,6,2022,ED,163,36,0,0
NE,6,2022,HOSP,58,20,0,0
NE,7,2022,ED,183,42,0,0
NE,7,2022,HOSP,61,13,0,13
NE,8,2022,ED,147,23,0,11
NE,8,2022,HOSP,43,11,0,13
NE,9,2022,ED,156,31,0,0
NE,9,2022,HOSP,55,17,0,0
NE,10,2022,ED,156,37,0,12
NE,10,2022,HOSP,46,10,0,0
NE,11,2022,ED,138,13,0,0
NE,11,2022,HOSP,53,0,0,0
NE,12,2022,ED,121,20,0,0
NE,12,2022,HOSP,39,0,0,0
NY,1,2018,ED,1681,654,455,65
NY,1,2018,HOSP,993,325,107,216
NY,2,2018,ED,1414,581,385,69
NY,2,2018,HOSP,965,303,104,214
NY,3,2018,ED,1657,664,454,96
NY,3,2018,HOSP,1080,320,118,263
NY,4,2018,ED,1650,710,484,106
NY,4,2018,HOSP,1014,330,110,236
NY,5,2018,ED,1905,861,584,88
NY,5,2018,HOSP,1117,349,138,272
NY,6,2018,ED,1847,853,578,100
NY,6,2018,HOSP,1046,316,129,280
NY,7,2018,ED,2044,909,604,97
NY,7,2018,HOSP,1126,371,148,310
NY,8,2018,ED,2041,911,637,95
NY,8,2018,HOSP,1102,334,131,271
NY,9,2018,ED,1814,784,536,108
NY,9,2018,HOSP,1019,285,111,297
NY,10,2018,ED,1878,808,543,86
NY,10,2018,HOSP,1141,390,149,286
NY,11,2018,ED,1577,670,447,76
NY,11,2018,HOSP,978,281,105,255
NY,12,2018,ED,1592,611,397,92
NY,12,2018,HOSP,1019,311,114,218
NY,1,2019,ED,1580,631,434,90
NY,1,2019,HOSP,1013,293,96,240
NY,2,2019,ED,1548,607,373,87
NY,2,2019,HOSP,959,280,93,240
NY,3,2019,ED,1720,669,440,88
NY,3,2019,HOSP,1017,307,116,270
NY,4,2019,ED,1619,607,371,85
NY,4,2019,HOSP,1050,283,87,262
NY,5,2019,ED,1784,764,519,91
NY,5,2019,HOSP,1108,304,102,299
NY,6,2019,ED,1836,814,507,102
NY,6,2019,HOSP,1089,324,114,268
NY,7,2019,ED,1963,916,592,109
NY,7,2019,HOSP,1150,355,133,318
NY,8,2019,ED,1905,877,551,102
NY,8,2019,HOSP,1082,325,131,293
NY,9,2019,ED,1784,781,490,94
NY,9,2019,HOSP,1148,358,146,305
NY,10,2019,ED,1746,706,453,111
NY,10,2019,HOSP,1095,297,107,300
NY,11,2019,ED,1688,714,407,86
NY,11,2019,HOSP,1027,284,102,270
NY,12,2019,ED,1721,715,456,92
NY,12,2019,HOSP,1107,302,112,291
NY,1,2020,ED,1799,768,455,85
NY,1,2020,HOSP,1075,322,110,263
NY,2,2020,ED,1687,742,465,83
NY,2,2020,HOSP,985,321,104,250
NY,3,2020,ED,1532,777,469,92
NY,3,2020,HOSP,1028,338,126,260
NY,4,2020,ED,1326,741,449,98
NY,4,2020,HOSP,649,239,93,129
NY,5,2020,ED,1654,864,522,114
NY,5,2020,HOSP,944,350,116,249
NY,6,2020,ED,1794,970,543,98
NY,6,2020,HOSP,1113,391,143,303
NY,7,2020,ED,1926,953,512,112
NY,7,2020,HOSP,1132,416,174,300
NY,8,2020,ED,1799,878,491,99
NY,8,2020,HOSP,1076,363,128,270
NY,9,2020,ED,1741,819,444,109
NY,9,2020,HOSP,1067,375,121,241
NY,10,2020,ED,1941,929,496,91
NY,10,2020,HOSP,1090,355,125,274
NY,11,2020,ED,1791,821,449,98
NY,11,2020,HOSP,953,303,105,289
NY,12,2020,ED,1762,873,478,96
NY,12,2020,HOSP,954,304,100,248
NY,1,2021,ED,1679,814,449,99
NY,1,2021,HOSP,906,302,102,242
NY,2,2021,ED,1496,745,398,55
NY,2,2021,HOSP,827,258,85,227
NY,3,2021,ED,1878,911,484,100
NY,3,2021,HOSP,1004,350,123,285
NY,4,2021,ED,2027,942,486,121
NY,4,2021,HOSP,1062,362,133,306
NY,5,2021,ED,2147,983,486,119
NY,5,2021,HOSP,1034,348,108,303
NY,6,2021,ED,2223,1077,537,119
NY,6,2021,HOSP,1041,373,131,315
NY,7,2021,ED,2272,1144,579,102
NY,7,2021,HOSP,1043,398,156,272
NY,8,2021,ED,2296,1101,550,112
NY,8,2021,HOSP,1068,398,127,334
NY,9,2021,ED,2099,1054,507,106
NY,9,2021,HOSP,961,358,129,267
NY,10,2021,ED,2078,1071,560,107
NY,10,2021,HOSP,949,344,127,247
NY,11,2021,ED,1789,859,421,87
NY,11,2021,HOSP,916,342,100,240
NY,12,2021,ED,1774,884,423,79
NY,12,2021,HOSP,883,321,110,256
NY,1,2022,ED,1672,762,367,111
NY,1,2022,HOSP,819,266,83,197
NY,2,2022,ED,1766,833,404,104
NY,2,2022,HOSP,893,334,113,247
NY,3,2022,ED,1946,868,420,105
NY,3,2022,HOSP,992,368,122,283
NY,4,2022,ED,1975,891,404,123
NY,4,2022,HOSP,978,337,114,286
NY,5,2022,ED,2049,988,457,115
NY,5,2022,HOSP,990,348,125,324
NY,6,2022,ED,2139,1065,495,144
NY,6,2022,HOSP,999,346,111,296
NY,7,2022,ED,2318,1123,505,128
NY,7,2022,HOSP,995,421,144,277
NY,8,2022,ED,2255,1155,496,130
NY,8,2022,HOSP,1109,435,114,317
NY,9,2022,ED,2196,1032,452,127
NY,9,2022,HOSP,975,386,109,295
NY,10,2022,ED,1812,817,338,101
NY,10,2022,HOSP,895,328,102,253
NY,11,2022,ED,1829,826,327,121
NY,11,2022,HOSP,904,348,97,271
NY,12,2022,ED,1733,782,337,104
NY,12,2022,HOSP,810,309,89,228
OK,1,2020,ED,259,52,16,17
OK,1,2020,HOSP,134,32,0,25
OK,2,2020,ED,242,37,0,23
OK,2,2020,HOSP,136,38,0,31
OK,3,2020,ED,226,60,19,16
OK,3,2020,HOSP,107,36,0,26
OK,4,2020,ED,213,41,11,15
OK,4,2020,HOSP,123,40,0,30
OK,5,2020,ED,256,64,22,13
OK,5,2020,HOSP,143,43,0,34
OK,6,2020,ED,260,55,13,0
OK,6,2020,HOSP,136,48,0,28
OK,7,2020,ED,232,59,14,0
OK,7,2020,HOSP,141,42,0,26
OK,8,2020,ED,212,54,12,10
OK,8,2020,HOSP,149,44,0,25
OK,9,2020,ED,240,37,0,14
OK,9,2020,HOSP,146,37,0,30
OK,10,2020,ED,298,57,15,18
OK,10,2020,HOSP,170,42,0,37
OK,11,2020,ED,317,65,16,18
OK,11,2020,HOSP,142,35,0,14
OK,12,2020,ED,268,58,17,18
OK,12,2020,HOSP,151,39,0,32
OK,1,2021,ED,284,64,18,25
OK,1,2021,HOSP,155,39,0,33
OK,2,2021,ED,257,57,13,17
OK,2,2021,HOSP,164,48,0,40
OK,3,2021,ED,292,70,10,22
OK,3,2021,HOSP,199,69,0,44
OK,4,2021,ED,357,85,21,18
OK,4,2021,HOSP,206,58,0,53
OK,5,2021,ED,312,79,15,21
OK,5,2021,HOSP,199,62,0,64
OK,6,2021,ED,316,60,12,14
OK,6,2021,HOSP,203,77,0,48
OK,7,2021,ED,342,76,18,19
OK,7,2021,HOSP,179,60,0,47
OK,8,2021,ED,338,80,14,19
OK,8,2021,HOSP,159,38,0,34
OK,9,2021,ED,351,110,21,20
OK,9,2021,HOSP,151,37,0,29
OK,10,2021,ED,345,123,33,16
OK,10,2021,HOSP,175,51,0,47
OK,11,2021,ED,329,112,19,0
OK,11,2021,HOSP,175,60,0,34
OK,12,2021,ED,317,113,17,12
OK,12,2021,HOSP,151,43,0,33
OR,1,2018,ED,465,129,70,31
OR,1,2018,HOSP,174,63,0,26
OR,2,2018,ED,466,138,85,31
OR,2,2018,HOSP,169,63,14,27
OR,3,2018,ED,496,153,82,34
OR,3,2018,HOSP,203,74,17,33
OR,4,2018,ED,514,148,86,26
OR,4,2018,HOSP,185,60,14,34
OR,5,2018,ED,538,182,116,29
OR,5,2018,HOSP,222,85,25,49
OR,6,2018,ED,493,169,100,38
OR,6,2018,HOSP,189,66,18,37
OR,7,2018,ED,525,175,99,29
OR,7,2018,HOSP,197,64,20,41
OR,8,2018,ED,542,167,103,40
OR,8,2018,HOSP,207,86,22,35
OR,9,2018,ED,548,206,138,36
OR,9,2018,HOSP,184,67,18,35
OR,10,2018,ED,493,126,75,32
OR,10,2018,HOSP,199,64,18,42
OR,11,2018,ED,471,142,68,41
OR,11,2018,HOSP,194,62,0,32
OR,12,2018,ED,484,137,82,32
OR,12,2018,HOSP,210,64,13,44
OR,1,2019,ED,486,133,72,41
OR,1,2019,HOSP,197,64,20,45
OR,2,2019,ED,441,129,79,17
OR,2,2019,HOSP,171,65,15,37
OR,3,2019,ED,509,155,90,30
OR,3,2019,HOSP,161,51,19,40
OR,4,2019,ED,517,150,93,36
OR,4,2019,HOSP,187,74,20,45
OR,5,2019,ED,575,176,113,45
OR,5,2019,HOSP,212,70,19,49
OR,6,2019,ED,582,181,108,32
OR,6,2019,HOSP,197,57,15,53
OR,7,2019,ED,546,192,123,29
OR,7,2019,HOSP,195,59,20,51
OR,8,2019,ED,561,159,77,32
OR,8,2019,HOSP,199,64,18,37
OR,9,2019,ED,473,136,75,32
OR,9,2019,HOSP,187,63,15,42
OR,10,2019,ED,515,144,76,31
OR,10,2019,HOSP,169,40,10,40
OR,11,2019,ED,477,149,89,32
OR,11,2019,HOSP,189,53,12,29
OR,12,2019,ED,510,156,81,19
OR,12,2019,HOSP,177,50,10,43
OR,1,2020,ED,535,159,80,35
OR,1,2020,HOSP,193,57,14,39
OR,2,2020,ED,508,173,91,25
OR,2,2020,HOSP,183,52,12,34
OR,3,2020,ED,454,155,79,24
OR,3,2020,HOSP,171,55,13,41
OR,4,2020,ED,390,134,72,29
OR,4,2020,HOSP,141,43,0,38
OR,5,2020,ED,506,201,79,28
OR,5,2020,HOSP,187,72,17,40
OR,6,2020,ED,485,163,75,30
OR,6,2020,HOSP,171,64,11,32
OR,7,2020,ED,552,188,77,39
OR,7,2020,HOSP,208,69,16,46
OR,8,2020,ED,541,181,70,35
OR,8,2020,HOSP,195,68,20,50
OR,9,2020,ED,505,159,66,41
OR,9,2020,HOSP,189,56,0,40
OR,10,2020,ED,501,165,80,35
OR,10,2020,HOSP,172,70,15,41
OR,11,2020,ED,452,141,63,27
OR,11,2020,HOSP,176,54,12,40
OR,12,2020,ED,511,185,70,28
OR,12,2020,HOSP,201,64,17,50
OR,1,2021,ED,520,182,63,39
OR,1,2021,HOSP,179,65,12,43
OR,2,2021,ED,477,150,59,37
OR,2,2021,HOSP,161,64,16,42
OR,3,2021,ED,540,191,63,27
OR,3,2021,HOSP,203,76,15,60
OR,4,2021,ED,563,217,90,34
OR,4,2021,HOSP,212,78,16,57
OR,5,2021,ED,587,230,99,27
OR,5,2021,HOSP,226,88,25,56
OR,6,2021,ED,576,227,83,32
OR,6,2021,HOSP,206,70,13,58
OR,7,2021,ED,583,260,92,37
OR,7,2021,HOSP,212,78,16,57
OR,8,2021,ED,547,234,77,15
OR,8,2021,HOSP,226,88,25,56
OR,9,2021,ED,525,209,59,33
OR,9,2021,HOSP,206,70,13,58
OR,10,2021,ED,482,195,61,36
OR,10,2021,HOSP,171,61,10,54
OR,11,2021,ED,466,164,48,33
OR,11,2021,HOSP,171,58,0,51
OR,12,2021,ED,565,252,68,26
OR,12,2021,HOSP,198,58,0,57
OR,1,2022,ED,494,220,67,32
OR,1,2022,HOSP,166,43,10,54
OR,2,2022,ED,462,222,49,23
OR,2,2022,HOSP,170,62,11,60
OR,3,2022,ED,533,216,49,23
OR,3,2022,HOSP,196,67,13,59
OR,4,2022,ED,513,262,39,22
OR,4,2022,HOSP,201,70,0,69
OR,5,2022,ED,544,241,34,36
OR,5,2022,HOSP,205,81,0,66
OR,6,2022,ED,535,263,32,26
OR,6,2022,HOSP,192,78,0,46
OR,7,2022,ED,590,308,33,30
OR,7,2022,HOSP,197,66,0,67
OR,8,2022,ED,599,312,19,31
OR,8,2022,HOSP,192,85,0,55
OR,9,2022,ED,521,278,13,25
OR,9,2022,HOSP,165,62,0,50
OR,10,2022,ED,626,275,18,36
OR,10,2022,HOSP,213,85,0,77
OR,11,2022,ED,572,253,0,31
OR,11,2022,HOSP,211,76,0,70
OR,12,2022,ED,562,273,0,24
OR,12,2022,HOSP,230,83,0,89
RI,1,2018,ED,152,74,36,0
RI,1,2018,HOSP,63,21,0,0
RI,2,2018,ED,137,65,29,0
RI,2,2018,HOSP,78,21,0,10
RI,3,2018,ED,178,85,36,10
RI,3,2018,HOSP,91,27,11,0
RI,4,2018,ED,184,98,46,0
RI,4,2018,HOSP,90,24,0,0
RI,5,2018,ED,212,103,45,0
RI,5,2018,HOSP,99,28,0,15
RI,6,2018,ED,207,123,46,0
RI,6,2018,HOSP,92,27,0,17
RI,7,2018,ED,188,87,40,15
RI,7,2018,HOSP,78,25,0,10
RI,8,2018,ED,202,103,47,11
RI,8,2018,HOSP,74,21,0,0
RI,9,2018,ED,178,101,36,0
RI,9,2018,HOSP,84,28,0,10
RI,10,2018,ED,188,119,50,0
RI,10,2018,HOSP,85,33,0,0
RI,11,2018,ED,206,115,41,0
RI,11,2018,HOSP,75,26,0,13
RI,12,2018,ED,176,93,35,0
RI,12,2018,HOSP,77,24,0,0
RI,1,2019,ED,200,119,43,0
RI,1,2019,HOSP,72,18,0,0
RI,2,2019,ED,148,80,29,0
RI,2,2019,HOSP,69,23,0,0
RI,3,2019,ED,193,99,29,0
RI,3,2019,HOSP,76,19,0,13
RI,4,2019,ED,222,111,27,12
RI,4,2019,HOSP,80,25,0,10
RI,5,2019,ED,221,129,29,11
RI,5,2019,HOSP,103,33,0,11
RI,6,2019,ED,219,118,37,0
RI,6,2019,HOSP,96,17,0,0
RI,7,2019,ED,201,103,22,10
RI,7,2019,HOSP,90,26,0,0
RI,8,2019,ED,254,162,38,12
RI,8,2019,HOSP,94,39,0,12
RI,9,2019,ED,219,132,30,0
RI,9,2019,HOSP,95,26,0,10
RI,10,2019,ED,209,106,26,0
RI,10,2019,HOSP,83,17,0,0
RI,11,2019,ED,195,107,27,11
RI,11,2019,HOSP,75,22,0,10
RI,12,2019,ED,200,98,17,18
RI,12,2019,HOSP,88,30,0,0
RI,1,2020,ED,199,107,23,17
RI,1,2020,HOSP,77,29,0,10
RI,2,2020,ED,190,95,17,0
RI,2,2020,HOSP,62,16,0,0
RI,3,2020,ED,173,97,18,0
RI,3,2020,HOSP,78,24,0,11
RI,4,2020,ED,163,89,21,0
RI,4,2020,HOSP,59,20,0,0
RI,5,2020,ED,175,102,22,0
RI,5,2020,HOSP,70,26,0,15
RI,6,2020,ED,207,130,23,14
RI,6,2020,HOSP,91,24,0,18
RI,7,2020,ED,231,126,13,13
RI,7,2020,HOSP,95,30,0,15
RI,8,2020,ED,203,119,18,0
RI,8,2020,HOSP,93,35,0,16
RI,9,2020,ED,188,101,21,0
RI,9,2020,HOSP,81,27,0,19
RI,10,2020,ED,151,76,15,0
RI,10,2020,HOSP,61,23,0,0
RI,11,2020,ED,120,65,12,0
RI,11,2020,HOSP,70,23,0,0
RI,12,2020,ED,156,84,0,0
RI,12,2020,HOSP,61,27,0,12
RI,1,2021,ED,165,97,14,0
RI,1,2021,HOSP,63,26,0,14
RI,2,2021,ED,165,86,15,0
RI,2,2021,HOSP,56,20,0,0
RI,3,2021,ED,214,120,0,0
RI,3,2021,HOSP,60,23,0,0
RI,4,2021,ED,178,101,11,10
RI,4,2021,HOSP,72,30,0,17
RI,5,2021,ED,199,124,12,0
RI,5,2021,HOSP,86,33,0,13
RI,6,2021,ED,193,105,10,12
RI,6,2021,HOSP,69,33,0,17
RI,7,2021,ED,229,128,0,0
RI,7,2021,HOSP,65,26,0,13
RI,8,2021,ED,163,89,0,0
RI,8,2021,HOSP,64,20,0,21
RI,9,2021,ED,172,105,0,0
RI,9,2021,HOSP,64,18,0,0
RI,10,2021,ED,153,87,0,0
RI,10,2021,HOSP,43,19,0,0
RI,11,2021,ED,132,85,0,0
RI,11,2021,HOSP,51,25,0,10
RI,12,2021,ED,150,92,0,10
RI,12,2021,HOSP,53,24,0,15
RI,1,2022,ED,147,84,0,0
RI,1,2022,HOSP,44,24,0,0
RI,2,2022,ED,138,63,0,0
RI,2,2022,HOSP,56,25,0,0
RI,3,2022,ED,178,105,0,0
RI,3,2022,HOSP,72,31,0,12
RI,4,2022,ED,154,89,0,0
RI,4,2022,HOSP,54,27,0,0
RI,5,2022,ED,179,98,0,0
RI,5,2022,HOSP,60,25,0,10
RI,6,2022,ED,157,77,0,10
RI,6,2022,HOSP,58,26,0,12
RI,7,2022,ED,203,108,0,0
RI,7,2022,HOSP,58,24,0,11
RI,8,2022,ED,158,76,0,0
RI,8,2022,HOSP,52,24,0,21
RI,9,2022,ED,198,109,0,0
RI,9,2022,HOSP,60,23,0,16
RI,10,2022,ED,180,97,0,10
RI,10,2022,HOSP,54,23,0,16
RI,11,2022,ED,133,73,0,0
RI,11,2022,HOSP,45,18,0,12
RI,12,2022,ED,124,57,0,0
RI,12,2022,HOSP,42,14,0,0
SC,1,2018,ED,493,200,102,31
SC,1,2018,HOSP,275,86,19,27
SC,2,2018,ED,477,190,88,31
SC,2,2018,HOSP,216,86,17,36
SC,3,2018,ED,575,233,125,38
SC,3,2018,HOSP,271,90,15,45
SC,4,2018,ED,531,171,93,34
SC,4,2018,HOSP,256,91,24,44
SC,5,2018,ED,561,209,110,41
SC,5,2018,HOSP,284,110,33,52
SC,6,2018,ED,626,264,145,34
SC,6,2018,HOSP,284,92,21,57
SC,7,2018,ED,602,244,127,46
SC,7,2018,HOSP,297,109,30,61
SC,8,2018,ED,593,226,114,43
SC,8,2018,HOSP,300,103,29,64
SC,9,2018,ED,547,202,100,50
SC,9,2018,HOSP,260,97,19,46
SC,10,2018,ED,577,238,120,43
SC,10,2018,HOSP,268,95,26,57
SC,11,2018,ED,602,273,151,53
SC,11,2018,HOSP,238,73,16,43
SC,12,2018,ED,555,226,110,44
SC,12,2018,HOSP,231,74,16,39
SC,1,2019,ED,545,229,113,43
SC,1,2019,HOSP,245,85,20,49
SC,2,2019,ED,492,193,99,32
SC,2,2019,HOSP,201,79,13,48
SC,3,2019,ED,611,261,141,46
SC,3,2019,HOSP,247,99,19,60
SC,4,2019,ED,540,173,83,44
SC,4,2019,HOSP,261,95,24,52
SC,5,2019,ED,655,251,139,32
SC,5,2019,HOSP,291,97,31,58
SC,6,2019,ED,597,229,104,43
SC,6,2019,HOSP,253,88,25,65
SC,7,2019,ED,643,243,133,36
SC,7,2019,HOSP,284,90,24,68
SC,8,2019,ED,667,280,150,41
SC,8,2019,HOSP,251,75,16,57
SC,9,2019,ED,647,280,125,49
SC,9,2019,HOSP,231,66,11,52
SC,10,2019,ED,638,275,131,24
SC,10,2019,HOSP,256,77,28,59
SC,11,2019,ED,683,289,147,29
SC,11,2019,HOSP,235,73,20,50
SC,12,2019,ED,663,244,102,26
SC,12,2019,HOSP,264,87,25,68
SC,1,2020,ED,621,243,101,20
SC,1,2020,HOSP,248,70,25,62
SC,2,2020,ED,575,217,107,31
SC,2,2020,HOSP,229,69,18,51
SC,3,2020,ED,708,379,155,28
SC,3,2020,HOSP,265,92,27,64
SC,4,2020,ED,678,369,149,43
SC,4,2020,HOSP,233,89,26,57
SC,5,2020,ED,933,499,187,44
SC,5,2020,HOSP,289,117,29,56
SC,6,2020,ED,919,482,208,37
SC,6,2020,HOSP,265,117,29,50
SC,7,2020,ED,886,433,173,39
SC,7,2020,HOSP,250,93,31,47
SC,8,2020,ED,825,408,196,34
SC,8,2020,HOSP,241,100,21,53
SC,9,2020,ED,684,345,146,28
SC,9,2020,HOSP,253,92,25,52
SC,10,2020,ED,826,394,170,38
SC,10,2020,HOSP,276,106,26,50
SC,11,2020,ED,770,358,152,51
SC,11,2020,HOSP,245,91,20,54
SC,12,2020,ED,757,374,147,31
SC,12,2020,HOSP,232,89,18,48
SC,1,2021,ED,713,349,161,22
SC,1,2021,HOSP,216,71,10,38
SC,2,2021,ED,782,377,153,40
SC,2,2021,HOSP,229,75,19,42
SC,3,2021,ED,847,428,156,50
SC,3,2021,HOSP,315,113,34,65
SC,4,2021,ED,902,456,168,38
SC,4,2021,HOSP,265,108,33,61
SC,5,2021,ED,919,448,167,38
SC,5,2021,HOSP,255,66,18,55
SC,6,2021,ED,851,430,128,35
SC,6,2021,HOSP,239,86,22,50
SC,7,2021,ED,885,447,134,38
SC,7,2021,HOSP,306,118,20,66
SC,8,2021,ED,828,407,141,42
SC,8,2021,HOSP,240,84,18,47
SC,9,2021,ED,795,407,126,37
SC,9,2021,HOSP,217,82,24,54
SC,10,2021,ED,850,423,121,47
SC,10,2021,HOSP,259,98,21,61
SC,11,2021,ED,746,372,110,36
SC,11,2021,HOSP,217,84,17,41
SC,12,2021,ED,810,415,112,31
SC,12,2021,HOSP,246,81,13,57
SC,1,2022,ED,684,384,92,28
SC,1,2022,HOSP,202,85,18,39
SC,2,2022,ED,626,312,71,27
SC,2,2022,HOSP,207,90,14,42
SC,3,2022,ED,785,396,104,38
SC,3,2022,HOSP,264,125,24,57
SC,4,2022,ED,829,440,86,35
SC,4,2022,HOSP,250,99,27,62
SC,5,2022,ED,821,426,93,36
SC,5,2022,HOSP,252,87,22,66
SC,6,2022,ED,584,288,68,34
SC,6,2022,HOSP,195,73,0,45
SC,7,2022,ED,892,422,83,42
SC,7,2022,HOSP,255,117,14,68
SC,8,2022,ED,805,407,89,48
SC,8,2022,HOSP,243,90,17,52
SC,9,2022,ED,804,379,60,54
SC,9,2022,HOSP,236,89,18,47
SC,10,2022,ED,774,367,60,34
SC,10,2022,HOSP,256,98,0,35
SC,11,2022,ED,804,385,77,36
SC,11,2022,HOSP,221,78,0,51
SC,12,2022,ED,787,369,65,27
SC,12,2022,HOSP,238,82,0,57
UT,1,2018,ED,303,71,20,22
UT,1,2018,HOSP,135,61,10,14
UT,2,2018,ED,244,61,22,11
UT,2,2018,HOSP,112,43,0,15
UT,3,2018,ED,278,81,37,12
UT,3,2018,HOSP,118,56,10,12
UT,4,2018,ED,285,80,33,12
UT,4,2018,HOSP,131,59,0,14
UT,5,2018,ED,255,65,25,24
UT,5,2018,HOSP,126,55,0,13
UT,6,2018,ED,253,66,28,19
UT,6,2018,HOSP,142,60,0,18
UT,7,2018,ED,235,60,23,22
UT,7,2018,HOSP,154,70,11,18
UT,8,2018,ED,254,57,29,19
UT,8,2018,HOSP,150,68,14,27
UT,9,2018,ED,252,63,26,16
UT,9,2018,HOSP,140,53,0,22
UT,10,2018,ED,266,58,19,19
UT,10,2018,HOSP,130,48,0,19
UT,11,2018,ED,215,53,31,12
UT,11,2018,HOSP,97,46,0,10
UT,12,2018,ED,259,68,42,15
UT,12,2018,HOSP,116,51,13,11
UT,1,2019,ED,251,66,29,17
UT,1,2019,HOSP,136,46,0,20
UT,2,2019,ED,244,68,39,25
UT,2,2019,HOSP,97,36,0,11
UT,3,2019,ED,280,76,36,24
UT,3,2019,HOSP,125,45,0,14
UT,4,2019,ED,229,50,21,24
UT,4,2019,HOSP,138,57,12,20
UT,5,2019,ED,235,73,35,15
UT,5,2019,HOSP,112,34,0,0
UT,6,2019,ED,254,60,33,15
UT,6,2019,HOSP,117,31,0,22
UT,7,2019,ED,287,76,37,20
UT,7,2019,HOSP,146,52,0,28
UT,8,2019,ED,237,68,31,14
UT,8,2019,HOSP,119,38,0,18
UT,9,2019,ED,243,56,28,11
UT,9,2019,HOSP,147,70,12,18
UT,10,2019,ED,179,50,27,16
UT,10,2019,HOSP,126,44,0,13
UT,11,2019,ED,178,37,23,12
UT,11,2019,HOSP,99,36,0,12
UT,12,2019,ED,185,36,10,13
UT,12,2019,HOSP,139,53,13,18
UT,1,2020,ED,227,44,23,19
UT,1,2020,HOSP,111,41,0,18
UT,2,2020,ED,257,77,32,0
UT,2,2020,HOSP,124,57,10,19
UT,3,2020,ED,215,50,19,15
UT,3,2020,HOSP,119,41,0,18
UT,4,2020,ED,197,63,26,12
UT,4,2020,HOSP,92,31,0,17
UT,5,2020,ED,257,79,42,12
UT,5,2020,HOSP,114,38,13,19
UT,6,2020,ED,218,58,26,15
UT,6,2020,HOSP,129,56,16,26
UT,7,2020,ED,274,74,37,14
UT,7,2020,HOSP,161,68,11,19
UT,8,2020,ED,278,92,34,13
UT,8,2020,HOSP,120,41,13,21
UT,9,2020,ED,245,66,25,15
UT,9,2020,HOSP,133,53,0,12
UT,10,2020,ED,251,66,25,12
UT,10,2020,HOSP,116,40,0,15
UT,11,2020,ED,196,56,23,0
UT,11,2020,HOSP,104,34,0,15
UT,12,2020,ED,227,54,17,22
UT,12,2020,HOSP,91,35,0,11
UT,1,2021,ED,236,58,20,13
UT,1,2021,HOSP,119,40,0,14
UT,2,2021,ED,213,55,20,16
UT,2,2021,HOSP,106,44,0,15
UT,3,2021,ED,222,55,25,15
UT,3,2021,HOSP,99,38,10,11
UT,4,2021,ED,266,70,29,22
UT,4,2021,HOSP,115,42,0,22
UT,5,2021,ED,314,100,47,0
UT,5,2021,HOSP,149,57,0,28
UT,6,2021,ED,250,79,32,13
UT,6,2021,HOSP,105,48,12,16
UT,7,2021,ED,233,54,26,0
UT,7,2021,HOSP,102,34,0,17
UT,8,2021,ED,326,80,39,20
UT,8,2021,HOSP,118,41,0,17
UT,9,2021,ED,250,60,23,13
UT,9,2021,HOSP,110,35,0,0
UT,10,2021,ED,258,63,31,13
UT,10,2021,HOSP,108,42,0,10
UT,11,2021,ED,231,59,27,13
UT,11,2021,HOSP,82,36,0,0
UT,12,2021,ED,276,66,21,11
UT,12,2021,HOSP,107,44,0,10
UT,1,2022,ED,227,59,22,13
UT,1,2022,HOSP,87,35,0,0
UT,2,2022,ED,210,46,20,14
UT,2,2022,HOSP,99,33,0,0
UT,3,2022,ED,275,76,32,18
UT,3,2022,HOSP,101,33,0,12
UT,4,2022,ED,236,62,30,19
UT,4,2022,HOSP,94,30,0,13
UT,5,2022,ED,247,64,24,11
UT,5,2022,HOSP,123,39,0,14
UT,6,2022,ED,239,70,31,0
UT,6,2022,HOSP,118,47,0,24
UT,7,2022,ED,234,63,31,15
UT,7,2022,HOSP,113,36,0,18
UT,8,2022,ED,267,70,21,16
UT,8,2022,HOSP,104,28,0,23
UT,9,2022,ED,251,64,25,0
UT,9,2022,HOSP,112,41,0,0
UT,10,2022,ED,233,65,24,0
UT,10,2022,HOSP,89,47,0,0
UT,11,2022,ED,216,48,11,14
UT,11,2022,HOSP,75,25,0,0
UT,12,2022,ED,244,80,25,0
UT,12,2022,HOSP,94,34,0,0
WA,1,2018,HOSP,268,83,20,36
WA,2,2018,HOSP,218,74,16,44
WA,3,2018,HOSP,251,106,19,46
WA,4,2018,HOSP,305,128,28,58
WA,5,2018,HOSP,294,105,29,68
WA,6,2018,HOSP,261,90,21,39
WA,7,2018,HOSP,291,112,26,53
WA,8,2018,HOSP,283,109,21,53
WA,9,2018,HOSP,261,112,38,51
WA,10,2018,HOSP,251,90,20,54
WA,11,2018,HOSP,235,85,22,42
WA,12,2018,HOSP,222,82,23,54
WA,1,2019,HOSP,282,103,30,50
WA,2,2019,HOSP,223,67,12,51
WA,3,2019,HOSP,256,107,24,50
WA,4,2019,HOSP,251,74,17,49
WA,5,2019,HOSP,272,90,25,65
WA,6,2019,HOSP,245,86,22,50
WA,7,2019,HOSP,237,81,22,44
WA,8,2019,HOSP,242,91,24,59
WA,9,2019,HOSP,248,82,23,52
WA,10,2019,HOSP,248,87,27,48
WA,11,2019,HOSP,260,98,27,70
WA,12,2019,HOSP,248,115,23,51
WA,1,2020,HOSP,303,90,27,62
WA,2,2020,HOSP,255,99,31,65
WA,3,2020,HOSP,236,80,25,44
WA,4,2020,HOSP,214,88,17,44
WA,5,2020,HOSP,269,114,37,69
WA,6,2020,HOSP,243,90,21,64
WA,7,2020,HOSP,279,97,24,65
WA,8,2020,HOSP,256,106,22,60
WA,9,2020,HOSP,251,97,19,48
WA,10,2020,HOSP,263,86,13,70
WA,11,2020,HOSP,221,85,13,50
WA,12,2020,HOSP,235,93,13,45
WA,1,2021,HOSP,257,108,24,66
WA,2,2021,HOSP,219,75,16,61
WA,3,2021,HOSP,310,104,15,93
WA,4,2021,HOSP,253,98,11,73
WA,5,2021,HOSP,257,91,18,78
WA,6,2021,HOSP,283,102,17,93
WA,7,2021,HOSP,299,123,23,80
WA,8,2021,HOSP,242,88,14,78
WA,9,2021,HOSP,202,88,17,56
WA,10,2021,HOSP,234,82,12,66
WA,11,2021,HOSP,207,89,14,49
WA,12,2021,HOSP,237,89,15,57
WA,1,2022,HOSP,221,71,0,67
WA,2,2022,HOSP,261,99,0,69
WA,3,2022,HOSP,291,97,13,98
WA,4,2022,HOSP,273,119,0,73
WA,5,2022,HOSP,270,124,0,71
WA,6,2022,HOSP,285,117,0,80
WA,7,2022,HOSP,310,142,0,89
WA,8,2022,HOSP,309,136,0,91
WA,9,2022,HOSP,280,123,0,72
WA,10,2022,HOSP,270,120,0,35
WA,11,2022,HOSP,296,143,0,38
WA,12,2022,HOSP,280,145,0,33
WI,1,2018,ED,551,146,90,19
WI,2,2018,ED,485,163,98,26
WI,3,2018,ED,518,167,112,20
WI,4,2018,ED,488,149,84,22
WI,5,2018,ED,620,235,140,28
WI,6,2018,ED,637,235,134,34
WI,7,2018,ED,659,201,104,28
WI,8,2018,ED,605,193,117,27
WI,9,2018,ED,577,185,116,23
WI,10,2018,ED,580,174,104,33
WI,11,2018,ED,538,178,111,24
WI,12,2018,ED,568,177,110,20
WI,1,2019,ED,558,148,87,24
WI,2,2019,ED,469,139,73,29
WI,3,2019,ED,589,174,100,34
WI,4,2019,ED,591,203,126,38
WI,5,2019,ED,652,183,103,40
WI,6,2019,ED,601,204,104,28
WI,7,2019,ED,665,253,149,41
WI,8,2019,ED,715,254,152,25
WI,9,2019,ED,668,217,122,48
WI,10,2019,ED,560,193,116,30
WI,11,2019,ED,584,204,123,20
WI,12,2019,ED,571,220,118,20
WI,1,2020,ED,585,218,123,23
WI,2,2020,ED,629,229,134,32
WI,3,2020,ED,610,254,168,20
WI,4,2020,ED,501,224,131,24
WI,5,2020,ED,657,326,165,28
WI,6,2020,ED,591,249,121,20
WI,7,2020,ED,674,265,131,24
WI,8,2020,ED,664,241,136,34
WI,9,2020,ED,624,252,115,24
WI,10,2020,ED,571,195,94,20
WI,11,2020,ED,586,235,118,21
WI,12,2020,ED,551,183,94,25
WI,1,2021,ED,592,233,117,32
WI,2,2021,ED,505,188,92,18
WI,3,2021,ED,655,252,127,36
WI,4,2021,ED,730,299,143,42
WI,5,2021,ED,694,250,130,36
WI,6,2021,ED,656,278,140,33
WI,7,2021,ED,732,319,144,38
WI,8,2021,ED,647,251,104,30
WI,9,2021,ED,634,230,91,41
WI,10,2021,ED,596,229,100,31
WI,11,2021,ED,609,241,100,32
WI,12,2021,ED,635,238,99,37
WI,1,2022,ED,572,216,89,31
WI,2,2022,ED,477,159,76,27
WI,3,2022,ED,625,211,78,36
WI,4,2022,ED,585,198,81,30
WI,5,2022,ED,569,208,84,28
WI,6,2022,ED,530,204,83,24
WI,7,2022,ED,606,218,80,26
WI,8,2022,ED,612,225,87,38
WI,9,2022,ED,597,191,70,29
WI,10,2022,ED,587,201,72,35
WI,11,2022,ED,541,204,76,26
WI,12,2022,ED,608,243,96,19
